Shipment,Gift Message(s),Item Contains,Products,Channel,Status,Priority,Picklist,Invoice No.,On Hold,State,Fulfillment TAT,Regulatory Forms,Batch #,Shipping,Payment Method,Created,Action,Dispatch Group,Pack Group,Multi-part shipment state,Quantity,Display Order #,Shipment,ContainsGiftWrap,ChannelCode,ChannelID,Item Type SKUs,Item Type Ids,Seller SKUs,Item Id Details,Seller SKU Details,Shipping Provider,Shipping Provider Code,Shipping Courier,AWB,Dispatch Time,Shipping Arranged By,Product Management Switched Odd,Label Format,Item Details List,Item Detailing Pending,Putaway Pending,Weight,Weight,Length,Width,Height,Package Type,Number Of Boxes,Single Action Invoice Label New,OrderItemIds,Shipping Package Type Scannable Source
6788548362548,1,false,MH-005,SHOPIFY,CREATED,0,,,No,Madhya Pradesh,2026-05-29 01:21:20,,,,PREPAID,2026-05-27 01:21:20,,,,NA,3,#62562,SP26-2759231,0,SHOPIFY,9592,"MH-005,MN_,sucker_6","5606408,5471555,6410063","MH-005,sucker_6_with_moan_100ml,sucker_6_with_moan_100ml",5471555~MN_~Moan Water-Based Lube - Default Title^5606408~MH-005~Moan - Solotime - Water-Based Lubricant - 100 ml^6410063~sucker_6~Sucker 6',"MH-005~Moan - Solo Time^sucker_6_with_moan_100ml~Scukr 6""",,,,,,UNIWARE,false,PDF,,0,false,483.000,3.000,160,125,100,DEFAULT,1,OFF,"16761688621364,16761688588596-1,16761688588596-0",NOT_APPLICABLE
6788518543668,1,false,MN-003,SHOPIFY,CREATED,0,,,No,Maharashtra,2026-05-29 01:21:22,,,,PREPAID,2026-05-27 01:21:22,,,,NA,3,#62559,SP26-2759232,0,SHOPIFY,9592,"MN-003,MN_,Sucker","5606413,5471555,6284831","MN-003,sucker,sucker",5471555~MN_~Moan Water-Based Lube - Default Title^5606413~MN-003~Moan - Water-Based Lubricant | Chocolate | 100 ml^6284831~Sucker~Sucker,MN-003~Moan - Chocolate^sucker~scukr,,,,,,UNIWARE,false,PDF,,0,false,483.000,3.000,160,125,100,DEFAULT,1,OFF,"16761615057204,16761615024436-1,16761615024436-0",NOT_APPLICABLE
6788567761204,1,false,MH-005,SHOPIFY,CREATED,0,,,No,Odisha,2026-05-29 01:21:22,,,,COD,2026-05-27 01:21:22,,,,NA,3,#62563,SP26-2759233,0,SHOPIFY,9592,"MH-005,MN_,sucker_6","5606408,5471555,6410063","MH-005,sucker_6_with_moan_100ml,sucker_6_with_moan_100ml",5471555~MN_~Moan Water-Based Lube - Default Title^5606408~MH-005~Moan - Solotime - Water-Based Lubricant - 100 ml^6410063~sucker_6~Sucker 6',"MH-005~Moan - Solo Time^sucker_6_with_moan_100ml~Scukr 6""",,,,,,UNIWARE,false,PDF,,0,false,483.000,3.000,160,125,100,DEFAULT,1,OFF,"16761730302260,16761730269492-1,16761730269492-0",NOT_APPLICABLE
6788531192116,0,false,MN_,SHOPIFY,CREATED,0,,,No,Gujarat,2026-05-29 01:21:22,,,,PREPAID,2026-05-27 01:21:22,,,,NA,2,#62561,SP26-2759234,0,SHOPIFY,9592,"MN_,Sucker","5471555,6284831","sucker,sucker",5471555~MN_~Moan Water-Based Lube - Default Title^6284831~Sucker~Sucker,sucker~scukr,,,,,,UNIWARE,false,PDF,,0,false,482.000,2.000,160,125,100,DEFAULT,1,OFF,"16761650839860-1,16761650839860-0",NOT_APPLICABLE
6788503208244,0,false,MN_,SHOPIFY,CREATED,0,,,No,Uttar Pradesh,2026-05-29 01:21:22,,,,PREPAID,2026-05-27 01:21:22,,,,NA,2,#62558,SP26-2759235,0,SHOPIFY,9592,"MN_,Sucker","5471555,6284831","sucker,sucker",5471555~MN_~Moan Water-Based Lube - Default Title^6284831~Sucker~Sucker,sucker~scukr,,,,,,UNIWARE,false,PDF,,0,false,482.000,2.000,160,125,100,DEFAULT,1,OFF,"16761567871284-1,16761567871284-0",NOT_APPLICABLE
6788518609204,0,false,MN_,SHOPIFY,DISPATCHED,0,,INV26-2748282,No,Odisha,2026-05-29 01:21:22,,,Velocity Shipping40598111665860,PREPAID,2026-05-27 01:21:22,,QDB01543,PG01538,NA,2,#62560,SP26-2759236,0,SHOPIFY,9592,"MN_,PuC","5471555,5521454","PUC_WITH_MOAN_100ml,PUC_WITH_MOAN_100ml",5471555~MN_~Moan Water-Based Lube - Default Title^5521454~PuC~PuC,PUC_WITH_MOAN_100ml~PuC,Velocity Shipping,VELOCITY_SHIPPING,Delhivery Standard,40598111665860,2026-05-28 14:22:36,UNIWARE,false,PDF,,0,false,482.000,2.000,160,125,100,DEFAULT,1,OFF,"16761615155508-1,16761615155508-0",NOT_APPLICABLE
6788589191476,0,false,MN-003,SHOPIFY,DISPATCHED,0,,INV26-2748276,No,Chhattisgarh,2026-05-29 01:51:22,,,PURPLE_DRONE153179460004314,PREPAID,2026-05-27 01:51:22,,QDB01543,PG01538,NA,2,#62564,SP26-2759237,0,SHOPIFY,9592,"MN-003,MN-003","5606413,5606413","MN-003,MN-003",5606413~MN-003~Moan - Water-Based Lubricant | Chocolate | 100 ml,MN-003~Moan - Chocolate,PURPLE_DRONE,PURPLE_DRONE,Xpressbees,153179460004314,2026-05-28 14:22:45,UNIWARE,false,PDF,,0,false,482.000,2.000,160,125,100,DEFAULT,1,OFF,"16761782567220-0,16761782567220-1",NOT_APPLICABLE
6788607836468,0,false,MN_,SHOPIFY,CREATED,0,,,No,Delhi,2026-05-29 02:01:23,,,,COD,2026-05-27 02:01:23,,,,NA,2,#62565,SP26-2759238,0,SHOPIFY,9592,"MN_,Sucker","5471555,6284831","sucker,sucker",5471555~MN_~Moan Water-Based Lube - Default Title^6284831~Sucker~Sucker,sucker~scukr,,,,,,UNIWARE,false,PDF,,0,false,482.000,2.000,160,125,100,DEFAULT,1,OFF,"16761829687604-1,16761829687604-0",NOT_APPLICABLE
6788622221620,0,false,BL_,SHOPIFY,DISPATCHED,0,,INV26-2748280,No,Uttarakhand,2026-05-29 02:23:35,,,PURPLE_DRONE153179460004309,PREPAID,2026-05-27 02:23:35,,QDB01543,PG01538,NA,2,#62566,SP26-2759239,0,SHOPIFY,9592,"BL_,MN_","5471560,5471555","BL-MN,BL-MN",5471555~MN_~Moan Water-Based Lube - Default Title^5471560~BL_~BLO Men Massager - Default Title,BL-MN~BLO Men Massager - Blo+Moan,PURPLE_DRONE,PURPLE_DRONE,Xpressbees,153179460004309,2026-05-28 14:22:46,UNIWARE,false,PDF,,0,false,482.000,2.000,160,125,100,DEFAULT,1,OFF,"16761867206964-0,16761867206964-1",NOT_APPLICABLE
6788639621428,0,false,MN_,SHOPIFY,CREATED,0,,,No,Maharashtra,2026-05-29 02:41:19,,,,PREPAID,2026-05-27 02:41:19,,,,NA,2,#62567,SP26-2759240,0,SHOPIFY,9592,"MN_,sucker_6","5471555,6410063","sucker_6_with_moan_100ml,sucker_6_with_moan_100ml",5471555~MN_~Moan Water-Based Lube - Default Title^6410063~sucker_6~Sucker 6',"sucker_6_with_moan_100ml~Scukr 6""",,,,,,UNIWARE,false,PDF,,0,false,482.000,2.000,160,125,100,DEFAULT,1,OFF,"16761913934132-1,16761913934132-0",NOT_APPLICABLE
6788674289972,1,false,MN-003,SHOPIFY,CREATED,0,,,No,Karnataka,2026-05-29 03:11:25,,,,PREPAID,2026-05-27 03:11:25,,,,NA,3,#62568,SP26-2759241,0,SHOPIFY,9592,"MN-003,MN_,sucker_6","5606413,5471555,6410063","MN-003,sucker_6_with_moan_100ml,sucker_6_with_moan_100ml",5471555~MN_~Moan Water-Based Lube - Default Title^5606413~MN-003~Moan - Water-Based Lubricant | Chocolate | 100 ml^6410063~sucker_6~Sucker 6',"MN-003~Moan - Chocolate^sucker_6_with_moan_100ml~Scukr 6""",,,,,,UNIWARE,false,PDF,,0,false,483.000,3.000,160,125,100,DEFAULT,1,OFF,"16762002735412,16762002768180-1,16762002768180-0",NOT_APPLICABLE
6788765843764,0,false,MN_,SHOPIFY,DISPATCHED,0,,INV26-2748272,No,Gujarat,2026-05-29 05:01:13,,,PURPLE_DRONE37379910897702,COD,2026-05-27 05:01:13,,QDB01543,PG01538,NA,2,#62569,SP26-2759242,0,SHOPIFY,9592,"MN_,PuC","5471555,5521454","PUC_WITH_MOAN_100ml,PUC_WITH_MOAN_100ml",5471555~MN_~Moan Water-Based Lube - Default Title^5521454~PuC~PuC,PUC_WITH_MOAN_100ml~PuC,PURPLE_DRONE,PURPLE_DRONE,DELHIVERY,37379910897702,2026-05-28 14:22:44,UNIWARE,false,PDF,,0,false,482.000,2.000,160,125,100,DEFAULT,1,OFF,"16762264682804-1,16762264682804-0",NOT_APPLICABLE
6788811686196,0,false,MN_,SHOPIFY,CREATED,0,,,No,Uttar Pradesh,2026-05-29 06:01:37,,,,COD,2026-05-27 06:01:37,,,,NA,2,#62570,SP26-2759243,0,SHOPIFY,9592,"MN_,Sucker","5471555,6284831","sucker,sucker",5471555~MN_~Moan Water-Based Lube - Default Title^6284831~Sucker~Sucker,sucker~scukr,,,,,,UNIWARE,false,PDF,,0,false,482.000,2.000,160,125,100,DEFAULT,1,OFF,"16762377208116-1,16762377208116-0",NOT_APPLICABLE
6788823482676,1,false,MN-003,SHOPIFY,CREATED,0,,,No,Jharkhand,2026-05-29 06:11:15,,,,PREPAID,2026-05-27 06:11:15,,,,NA,3,#62571,SP26-2759244,0,SHOPIFY,9592,"MN-003,MN_,sucker_6","5606413,5471555,6410063","MN-003,sucker_6_with_moan_100ml,sucker_6_with_moan_100ml",5471555~MN_~Moan Water-Based Lube - Default Title^5606413~MN-003~Moan - Water-Based Lubricant | Chocolate | 100 ml^6410063~sucker_6~Sucker 6',"MN-003~Moan - Chocolate^sucker_6_with_moan_100ml~Scukr 6""",,,,,,UNIWARE,false,PDF,,0,false,483.000,3.000,160,125,100,DEFAULT,1,OFF,"16762405060916,16762405028148-1,16762405028148-0",NOT_APPLICABLE
6788861624628,0,false,MN_,SHOPIFY,CREATED,0,,,No,Haryana,2026-05-29 07:11:27,,,,COD,2026-05-27 07:11:27,,,,NA,2,#62572,SP26-2759245,0,SHOPIFY,9592,"MN_,Sucker","5471555,6284831","sucker,sucker",5471555~MN_~Moan Water-Based Lube - Default Title^6284831~Sucker~Sucker,sucker~scukr,,,,,,UNIWARE,false,PDF,,0,false,482.000,2.000,160,125,100,DEFAULT,1,OFF,"16762487865652-1,16762487865652-0",NOT_APPLICABLE
6788882235700,0,false,MN_,SHOPIFY,DISPATCHED,0,,INV26-2748295,No,Himachal Pradesh,2026-05-29 07:31:49,,,PURPLE_DRONE37379910897816,COD,2026-05-27 07:31:49,,QDB01543,PG01538,NA,2,#62573,SP26-2759246,0,SHOPIFY,9592,"MN_,PuC","5471555,5521454","PUC_WITH_MOAN_100ml,PUC_WITH_MOAN_100ml",5471555~MN_~Moan Water-Based Lube - Default Title^5521454~PuC~PuC,PUC_WITH_MOAN_100ml~PuC,PURPLE_DRONE,PURPLE_DRONE,DELHIVERY,37379910897816,2026-05-28 14:22:44,UNIWARE,false,PDF,,0,false,482.000,2.000,160,125,100,DEFAULT,1,OFF,"16762529284404-1,16762529284404-0",NOT_APPLICABLE
6788919296308,0,false,MN_,SHOPIFY,CREATED,0,,,No,Tamil Nadu,2026-05-29 08:21:24,,,,PREPAID,2026-05-27 08:21:24,,,,NA,2,#62574,SP26-2759247,0,SHOPIFY,9592,"MN_,Sucker","5471555,6284831","sucker,sucker",5471555~MN_~Moan Water-Based Lube - Default Title^6284831~Sucker~Sucker,sucker~scukr,,,,,,UNIWARE,false,PDF,,0,false,482.000,2.000,160,125,100,DEFAULT,1,OFF,"16762595606836-1,16762595606836-0",NOT_APPLICABLE
6788972118324,0,false,MN_,SHOPIFY,CREATED,0,,,No,Maharashtra,2026-05-29 08:51:11,,,,PREPAID,2026-05-27 08:51:11,,,,NA,2,#62575,SP26-2759248,0,SHOPIFY,9592,"MN_,Sucker","5471555,6284831","sucker,sucker",5471555~MN_~Moan Water-Based Lube - Default Title^6284831~Sucker~Sucker,sucker~scukr,,,,,,UNIWARE,false,PDF,,0,false,482.000,2.000,160,125,100,DEFAULT,1,OFF,"16762740146484-1,16762740146484-0",NOT_APPLICABLE
6789157617972,1,false,MN-003,SHOPIFY,DISPATCHED,0,,INV26-2748302,No,Kerala,2026-05-29 09:30:47,,,PURPLE_DRONE153179460004313,PREPAID,2026-05-27 09:30:47,,QDB01543,PG01538,NA,3,#62576,SP26-2759249,0,SHOPIFY,9592,"MN-003,MN_,PuC","5606413,5471555,5521454","MN-003,PUC_WITH_MOAN_100ml,PUC_WITH_MOAN_100ml",5471555~MN_~Moan Water-Based Lube - Default Title^5521454~PuC~PuC^5606413~MN-003~Moan - Water-Based Lubricant | Chocolate | 100 ml,MN-003~Moan - Chocolate^PUC_WITH_MOAN_100ml~PuC,PURPLE_DRONE,PURPLE_DRONE,Xpressbees,153179460004313,2026-05-28 14:22:46,UNIWARE,false,PDF,,0,false,483.000,3.000,160,125,100,DEFAULT,1,OFF,"16763429912884,16763429880116-1,16763429880116-0",NOT_APPLICABLE
6789161255220,1,false,MH-002,SHOPIFY,CREATED,0,,,No,Kerala,2026-05-29 09:30:48,,,,PREPAID,2026-05-27 09:30:48,,,,NA,3,#62577,SP26-2759250,0,SHOPIFY,9592,"MH-002,MN_,sucker_6","5606411,5471555,6410063","MH-002,sucker_6_with_moan_100ml,sucker_6_with_moan_100ml",5471555~MN_~Moan Water-Based Lube - Default Title^5606411~MH-002~Moan ChargeUP^6410063~sucker_6~Sucker 6',"MH-002~Moan - Charge-UP^sucker_6_with_moan_100ml~Scukr 6""",,,,,,UNIWARE,false,PDF,,0,false,483.000,3.000,160,125,100,DEFAULT,1,OFF,"16763437220148,16763437187380-1,16763437187380-0",NOT_APPLICABLE
6789364744500,0,false,MCS1,SHOPIFY,DISPATCHED,0,,INV26-2748270,No,Gujarat,2026-05-29 10:10:54,,,PURPLE_DRONE153179460004322,PREPAID,2026-05-27 10:10:54,,QDB01543,PG01538,NA,2,#62578,SP26-2759251,0,SHOPIFY,9592,"MCS1,MCS2","5471566,5471568","MCS1,MCS2",5471566~MCS1~Massage Candle - 70ML / YLANG YLANG^5471568~MCS2~Massage Candle - 70ML / OUD AND ROSE,MCS1~Massage Candle - 70ML / YLANG YLANG^MCS2~Massage Candle - 70ML / OUD AND ROSE,PURPLE_DRONE,PURPLE_DRONE,Xpressbees,153179460004322,2026-05-28 14:22:46,UNIWARE,false,PDF,,0,false,482.000,2.000,160,125,100,DEFAULT,1,OFF,"16764168634676,16764168601908",NOT_APPLICABLE
6789394989364,0,false,MN_,SHOPIFY,CREATED,0,,,No,Maharashtra,2026-05-29 10:10:54,,,,PREPAID,2026-05-27 10:10:54,,,,NA,2,#62579,SP26-2759252,0,SHOPIFY,9592,"MN_,sucker_6","5471555,6410063","sucker_6_with_moan_100ml,sucker_6_with_moan_100ml",5471555~MN_~Moan Water-Based Lube - Default Title^6410063~sucker_6~Sucker 6',"sucker_6_with_moan_100ml~Scukr 6""",,,,,,UNIWARE,false,PDF,,0,false,482.000,2.000,160,125,100,DEFAULT,1,OFF,"16764283322676-1,16764283322676-0",NOT_APPLICABLE
6789479891252,0,false,MN-003,SHOPIFY,DISPATCHED,0,,INV26-2748291,No,Telangana,2026-05-29 10:30:52,,,PURPLE_DRONE153179460004312,PREPAID,2026-05-27 10:30:52,,QDB01543,PG01538,NA,3,#62581,SP26-2759253,0,SHOPIFY,9592,"MN-003,MR_,Pouch_small","5606413,5471554,6293672","MR_MN_Pouch,MR_MN_Pouch,MR_MN_Pouch",5471554~MR_~G.S.T^5606413~MN-003~Moan - Water-Based Lubricant | Chocolate | 100 ml^6293672~Pouch_small~Peppy Storage Pouch - Small size,MR_MN_Pouch~G.S.T - With Pouch,PURPLE_DRONE,PURPLE_DRONE,Xpressbees,153179460004312,2026-05-28 14:22:46,UNIWARE,false,PDF,,0,false,483.000,3.000,160,125,100,DEFAULT,1,OFF,"16764599992628-0,16764599992628-2,16764599992628-1",NOT_APPLICABLE
6789662933300,0,false,MN_,SHOPIFY,CREATED,0,,,No,Punjab,2026-05-29 11:01:00,,,,PREPAID,2026-05-27 11:01:00,,,,NA,2,#62583,SP26-2759255,0,SHOPIFY,9592,"MN_,sucker_6","5471555,6410063","sucker_6_with_moan_100ml,sucker_6_with_moan_100ml",5471555~MN_~Moan Water-Based Lube - Default Title^6410063~sucker_6~Sucker 6',"sucker_6_with_moan_100ml~Scukr 6""",,,,,,UNIWARE,false,PDF,,0,false,482.000,2.000,160,125,100,DEFAULT,1,OFF,"16765274882356-1,16765274882356-0",NOT_APPLICABLE
6789740331316,1,false,MN-003,SHOPIFY,CREATED,0,,,No,Karnataka,2026-05-29 11:10:53,,,,PREPAID,2026-05-27 11:10:53,,,,NA,3,#62585,SP26-2759256,0,SHOPIFY,9592,"MN-003,MN_,Sucker","5606413,5471555,6284831","MN-003,sucker,sucker",5471555~MN_~Moan Water-Based Lube - Default Title^5606413~MN-003~Moan - Water-Based Lubricant | Chocolate | 100 ml^6284831~Sucker~Sucker,MN-003~Moan - Chocolate^sucker~scukr,,,,,,UNIWARE,false,PDF,,0,false,483.000,3.000,160,125,100,DEFAULT,1,OFF,"16765573169460,16765573136692-1,16765573136692-0",NOT_APPLICABLE
6789875728692,0,false,MN_,SHOPIFY,DISPATCHED,0,,INV26-2748314,No,Maharashtra,2026-05-29 11:31:03,,,Velocity Shipping40598111665823,PREPAID,2026-05-27 11:31:03,,QDB01543,PG01538,NA,6,#62588,SP26-2759257,0,SHOPIFY,9592,"MN_,MN_,MN_,MR_,MR_,MR_","5471555,5471555,5471555,5471554,5471554,5471554","MR-MN,MR-MN,MR-MN,MR-MN,MR-MN,MR-MN",5471554~MR_~G.S.T^5471555~MN_~Moan Water-Based Lube - Default Title,MR-MN~G.S.T - Without Pouch,Velocity Shipping,VELOCITY_SHIPPING,Delhivery Standard,40598111665823,2026-05-28 14:22:36,UNIWARE,false,PDF,,0,false,486.000,6.000,160,125,100,DEFAULT,1,OFF,"16766091460916-0-0,16766091460916-1-0,16766091460916-2-0,16766091460916-0-1,16766091460916-1-1,16766091460916-2-1",NOT_APPLICABLE
6789866160436,1,false,MN-003,SHOPIFY,CREATED,0,,,No,Maharashtra,2026-05-29 11:31:05,,,,COD,2026-05-27 11:31:05,,,,NA,3,#62587,SP26-2759258,0,SHOPIFY,9592,"MN-003,MN_,sucker_6","5606413,5471555,6410063","MN-003,sucker_6_with_moan_100ml,sucker_6_with_moan_100ml",5471555~MN_~Moan Water-Based Lube - Default Title^5606413~MN-003~Moan - Water-Based Lubricant | Chocolate | 100 ml^6410063~sucker_6~Sucker 6',"MN-003~Moan - Chocolate^sucker_6_with_moan_100ml~Scukr 6""",,,,,,UNIWARE,false,PDF,,0,false,483.000,3.000,160,125,100,DEFAULT,1,OFF,"16766055121204,16766055088436-1,16766055088436-0",NOT_APPLICABLE
6789833982260,0,false,MN_,SHOPIFY,CREATED,0,,,No,Karnataka,2026-05-29 11:31:06,,,,COD,2026-05-27 11:31:06,,,,NA,2,#62586,SP26-2759259,0,SHOPIFY,9592,"MN_,sucker_6","5471555,6410063","sucker_6_with_moan_100ml,sucker_6_with_moan_100ml",5471555~MN_~Moan Water-Based Lube - Default Title^6410063~sucker_6~Sucker 6',"sucker_6_with_moan_100ml~Scukr 6""",,,,,,UNIWARE,false,PDF,,0,false,482.000,2.000,160,125,100,DEFAULT,1,OFF,"16765932536116-1,16765932536116-0",NOT_APPLICABLE
6789914067252,0,false,MN_,SHOPIFY,CREATED,0,,,No,Karnataka,2026-05-29 11:41:11,,,,PREPAID,2026-05-27 11:41:11,,,,NA,2,#62589,SP26-2759260,0,SHOPIFY,9592,"MN_,Sucker","5471555,6284831","sucker,sucker",5471555~MN_~Moan Water-Based Lube - Default Title^6284831~Sucker~Sucker,sucker~scukr,,,,,,UNIWARE,false,PDF,,0,false,482.000,2.000,160,125,100,DEFAULT,1,OFF,"16766234788148-1,16766234788148-0",NOT_APPLICABLE
6790015811892,0,false,MN_,SHOPIFY,CREATED,0,,,No,Kerala,2026-05-29 12:10:53,,,,PREPAID,2026-05-27 12:10:53,,,,NA,5,#62591,SP26-2759261,0,SHOPIFY,9592,"MN_,MN_,PuC,TMB,sucker_6","5471555,5471555,5521454,5471563,6410063","sucker_6_with_moan_100ml,PUC_WITH_MOAN_100ml,PUC_WITH_MOAN_100ml,TMB,sucker_6_with_moan_100ml",5471555~MN_~Moan Water-Based Lube - Default Title^5471563~TMB~Tom - Lavender^5521454~PuC~PuC^6410063~sucker_6~Sucker 6',"PUC_WITH_MOAN_100ml~PuC^sucker_6_with_moan_100ml~Scukr 6""^TMB~Tom - Lavender",,,,,,UNIWARE,false,PDF,,0,false,485.000,5.000,160,125,100,DEFAULT,1,OFF,"16766619812148-1,16766619779380-1,16766619779380-0,16766619746612,16766619812148-0",NOT_APPLICABLE
6790008668468,0,false,MN_,SHOPIFY,DISPATCHED,0,,INV26-2748313,No,Gujarat,2026-05-29 12:10:54,,,PURPLE_DRONE153179460004325,PREPAID,2026-05-27 12:10:54,,QDB01543,PG01538,NA,2,#62590,SP26-2759262,0,SHOPIFY,9592,"MN_,PuC","5471555,5521454","PUC_WITH_MOAN_100ml,PUC_WITH_MOAN_100ml",5471555~MN_~Moan Water-Based Lube - Default Title^5521454~PuC~PuC,PUC_WITH_MOAN_100ml~PuC,PURPLE_DRONE,PURPLE_DRONE,Xpressbees,153179460004325,2026-05-28 14:22:46,UNIWARE,false,PDF,,0,false,482.000,2.000,160,125,100,DEFAULT,1,OFF,"16766596055348-1,16766596055348-0",NOT_APPLICABLE
6790119063860,1,false,MH-002,SHOPIFY,CREATED,0,,,No,Telangana,2026-05-29 12:21:07,,,,PREPAID,2026-05-27 12:21:07,,,,NA,3,#62592,SP26-2759263,0,SHOPIFY,9592,"MH-002,MN_,Sucker","5606411,5471555,6284831","MH-002,sucker,sucker",5471555~MN_~Moan Water-Based Lube - Default Title^5606411~MH-002~Moan ChargeUP^6284831~Sucker~Sucker,MH-002~Moan - Charge-UP^sucker~scukr,,,,,,UNIWARE,false,PDF,,0,false,483.000,3.000,160,125,100,DEFAULT,1,OFF,"16767013388596,16767013355828-1,16767013355828-0",NOT_APPLICABLE
6790163431732,1,false,MH-005,SHOPIFY,CREATED,0,,,No,Karnataka,2026-05-29 12:21:09,,,,PREPAID,2026-05-27 12:21:09,,,,NA,3,#62593,SP26-2759264,0,SHOPIFY,9592,"MH-005,MN_,sucker_6","5606408,5471555,6410063","MH-005,sucker_6_with_moan_100ml,sucker_6_with_moan_100ml",5471555~MN_~Moan Water-Based Lube - Default Title^5606408~MH-005~Moan - Solotime - Water-Based Lubricant - 100 ml^6410063~sucker_6~Sucker 6',"MH-005~Moan - Solo Time^sucker_6_with_moan_100ml~Scukr 6""",,,,,,UNIWARE,false,PDF,,0,false,483.000,3.000,160,125,100,DEFAULT,1,OFF,"16767183749428,16767183716660-1,16767183716660-0",NOT_APPLICABLE
6790276710708,1,false,MH-005,SHOPIFY,CREATED,0,,,No,Maharashtra,2026-05-29 12:41:05,,,,PREPAID,2026-05-27 12:41:05,,,,NA,3,#62594,SP26-2759265,0,SHOPIFY,9592,"MH-005,MN_,Sucker","5606408,5471555,6284831","MH-005,sucker,sucker",5471555~MN_~Moan Water-Based Lube - Default Title^5606408~MH-005~Moan - Solotime - Water-Based Lubricant - 100 ml^6284831~Sucker~Sucker,MH-005~Moan - Solo Time^sucker~scukr,,,,,,UNIWARE,false,PDF,,0,false,483.000,3.000,160,125,100,DEFAULT,1,OFF,"16767619334452,16767619301684-1,16767619301684-0",NOT_APPLICABLE
456790,,false,0E-44SX-3RLC,CUSTOM,DISPATCHED,0,,INV26-2748262,No,Karnataka,2026-05-29 13:05:00,,,PURPLE_DRONE153179460004270,PREPAID,2026-05-27 13:06:44,,QDB01543,,NA,1,456790,SP26-2759266,0,CUSTOM,9556,0E-44SX-3RLC,5606395,0E-44SX-3RLC,5606395~0E-44SX-3RLC~TOM Personal Stress Reliever with Pain Relief & Relaxation | Peppy | Waterproof | Rechargeable | Made with Body Safe Silicone | Portable and Convenient | 101 days Warrenty (Lavender),0E-44SX-3RLC~TOM Personal Stress Reliever with Pain Relief & Relaxation | Peppy | Waterproof | Rechargeable | Made with Body Safe Silicone | Portable and Convenient | 101 days Warrenty (Lavender),PURPLE_DRONE,PURPLE_DRONE,Xpressbees,153179460004270,2026-05-28 14:22:33,UNIWARE,false,PDF,,0,false,481.000,1.000,1,1,1,DEFAULT,1,OFF,456790-0,NOT_APPLICABLE
67897,,false,0E-44SX-3RLC,CUSTOM,DISPATCHED,0,,INV26-2748263,No,Uttar Pradesh,2026-05-29 13:20:00,,,PURPLE_DRONE37379910897606,COD,2026-05-27 13:21:43,,QDB01543,,NA,1,67897,SP26-2759267,0,CUSTOM,9556,0E-44SX-3RLC,5606395,0E-44SX-3RLC,5606395~0E-44SX-3RLC~TOM Personal Stress Reliever with Pain Relief & Relaxation | Peppy | Waterproof | Rechargeable | Made with Body Safe Silicone | Portable and Convenient | 101 days Warrenty (Lavender),0E-44SX-3RLC~TOM Personal Stress Reliever with Pain Relief & Relaxation | Peppy | Waterproof | Rechargeable | Made with Body Safe Silicone | Portable and Convenient | 101 days Warrenty (Lavender),PURPLE_DRONE,PURPLE_DRONE,DELHIVERY,37379910897606,2026-05-28 14:22:46,UNIWARE,false,PDF,,0,false,481.000,1.000,1,1,1,DEFAULT,1,OFF,67897-0,NOT_APPLICABLE
6790401491252,1,false,MH-005,SHOPIFY,CREATED,0,,,No,Maharashtra,2026-05-29 13:21:11,,,,PREPAID,2026-05-27 13:21:11,,,,NA,3,#62596,SP26-2759268,0,SHOPIFY,9592,"MH-005,MN_,sucker_6","5606408,5471555,6410063","MH-005,sucker_6_with_moan_100ml,sucker_6_with_moan_100ml",5471555~MN_~Moan Water-Based Lube - Default Title^5606408~MH-005~Moan - Solotime - Water-Based Lubricant - 100 ml^6410063~sucker_6~Sucker 6',"MH-005~Moan - Solo Time^sucker_6_with_moan_100ml~Scukr 6""",,,,,,UNIWARE,false,PDF,,0,false,483.000,3.000,160,125,100,DEFAULT,1,OFF,"16768049054004,16768049086772-1,16768049086772-0",NOT_APPLICABLE
456784,,false,0E-44SX-3RLC,CUSTOM,DISPATCHED,0,,INV26-2748264,No,Karnataka,2026-05-29 13:27:00,,,Velocity Shipping40598111655684,PREPAID,2026-05-27 13:28:51,,QDB01543,,NA,1,456784,SP26-2759269,0,CUSTOM,9556,0E-44SX-3RLC,5606395,0E-44SX-3RLC,5606395~0E-44SX-3RLC~TOM Personal Stress Reliever with Pain Relief & Relaxation | Peppy | Waterproof | Rechargeable | Made with Body Safe Silicone | Portable and Convenient | 101 days Warrenty (Lavender),0E-44SX-3RLC~TOM Personal Stress Reliever with Pain Relief & Relaxation | Peppy | Waterproof | Rechargeable | Made with Body Safe Silicone | Portable and Convenient | 101 days Warrenty (Lavender),Velocity Shipping,VELOCITY_SHIPPING,Delhivery Standard,40598111655684,2026-05-28 14:22:33,UNIWARE,false,PDF,,0,false,481.000,1.000,1,1,1,DEFAULT,1,OFF,456784-0,NOT_APPLICABLE
6790403064116,0,false,MN_,SHOPIFY,CREATED,0,,,No,Telangana,2026-05-29 13:30:58,,,,COD,2026-05-27 13:30:58,,,,NA,2,#62598,SP26-2759270,0,SHOPIFY,9592,"MN_,Sucker","5471555,6284831","sucker,sucker",5471555~MN_~Moan Water-Based Lube - Default Title^6284831~Sucker~Sucker,sucker~scukr,,,,,,UNIWARE,false,PDF,,0,false,482.000,2.000,160,125,100,DEFAULT,1,OFF,"16768051544372-1,16768051544372-0",NOT_APPLICABLE
6790403752244,0,false,Marley-02,SHOPIFY,DISPATCHED,0,,INV26-2748275,No,Meghalaya,2026-05-29 13:31:00,,,PURPLE_DRONE37379910897680,COD,2026-05-27 13:31:00,,QDB01543,PG01538,NA,1,#62600,SP26-2759271,0,SHOPIFY,9592,Marley-02,5735469,Marley-02,5735469~Marley-02~All In,Marley-02~All In - Without Pouch,PURPLE_DRONE,PURPLE_DRONE,DELHIVERY,37379910897680,2026-05-28 14:22:44,UNIWARE,false,PDF,,0,false,481.000,1.000,1,1,1,DEFAULT,1,OFF,16768052461876,NOT_APPLICABLE
6790403359028,0,false,MN_,SHOPIFY,CREATED,0,,,No,Maharashtra,2026-05-29 13:31:00,,,,PREPAID,2026-05-27 13:31:00,,,,NA,2,#62599,SP26-2759272,0,SHOPIFY,9592,"MN_,sucker_6","5471555,6410063","sucker_6_with_moan_100ml,sucker_6_with_moan_100ml",5471555~MN_~Moan Water-Based Lube - Default Title^6410063~sucker_6~Sucker 6',"sucker_6_with_moan_100ml~Scukr 6""",,,,,,UNIWARE,false,PDF,,0,false,482.000,2.000,160,125,100,DEFAULT,1,OFF,"16768051970356-1,16768051970356-0",NOT_APPLICABLE
6790402474292,0,false,Anywear,SHOPIFY,DISPATCHED,0,,INV26-2748306,No,Haryana,2026-05-29 13:31:01,,,Velocity Shipping40598111665871,PREPAID,2026-05-27 13:31:01,,QDB01543,PG01538,NA,5,#62597,SP26-2759273,0,SHOPIFY,9592,"Anywear,MN_,MN_,MR_,Sucker","6281575,5471555,5471555,5471554,6284831","Anywear,sucker,MR-MN,MR-MN,sucker",5471554~MR_~G.S.T^5471555~MN_~Moan Water-Based Lube - Default Title^6281575~Anywear~Anywear^6284831~Sucker~Sucker,Anywear~Anywear - Without Lubricant^MR-MN~G.S.T - Without Pouch^sucker~scukr,Velocity Shipping,VELOCITY_SHIPPING,Delhivery Standard,40598111665871,2026-05-28 14:22:36,UNIWARE,false,PDF,,0,false,485.000,5.000,160,125,100,DEFAULT,1,OFF,"16768050364724,16768050397492-1,16768050430260-0,16768050430260-1,16768050397492-0",NOT_APPLICABLE
6790403883316,0,false,MN_,SHOPIFY,CREATED,0,,,No,Maharashtra,2026-05-29 13:31:02,,,,PREPAID,2026-05-27 13:31:02,,,,NA,2,#62601,SP26-2759274,0,SHOPIFY,9592,"MN_,sucker_6","5471555,6410063","sucker_6_with_moan_100ml,sucker_6_with_moan_100ml",5471555~MN_~Moan Water-Based Lube - Default Title^6410063~sucker_6~Sucker 6',"sucker_6_with_moan_100ml~Scukr 6""",,,,,,UNIWARE,false,PDF,,0,false,482.000,2.000,160,125,100,DEFAULT,1,OFF,"16768052592948-1,16768052592948-0",NOT_APPLICABLE
6790415155508,0,false,MN_,SHOPIFY,DISPATCHED,0,,INV26-2748297,No,Meghalaya,2026-05-29 13:41:19,,,PURPLE_DRONE37379910989063,PREPAID,2026-05-27 13:41:19,,QDB01543,PG01538,NA,2,#62603,SP26-2759275,0,SHOPIFY,9592,"MN_,MR_","5471555,5471554","MR-MN,MR-MN",5471554~MR_~G.S.T^5471555~MN_~Moan Water-Based Lube - Default Title,MR-MN~G.S.T - Without Pouch,PURPLE_DRONE,PURPLE_DRONE,DELHIVERY,37379910989063,2026-05-28 14:22:44,UNIWARE,false,PDF,,0,false,482.000,2.000,160,125,100,DEFAULT,1,OFF,"16768072220980-0,16768072220980-1",NOT_APPLICABLE
345690,,false,0E-44SX-3RLC,CUSTOM,DISPATCHED,0,,INV26-2748265,No,Maharashtra,2026-05-29 13:46:00,,,PURPLE_DRONE37379910897621,COD,2026-05-27 13:47:08,,QDB01543,,NA,1,345690,SP26-2759276,0,CUSTOM,9556,0E-44SX-3RLC,5606395,0E-44SX-3RLC,5606395~0E-44SX-3RLC~TOM Personal Stress Reliever with Pain Relief & Relaxation | Peppy | Waterproof | Rechargeable | Made with Body Safe Silicone | Portable and Convenient | 101 days Warrenty (Lavender),0E-44SX-3RLC~TOM Personal Stress Reliever with Pain Relief & Relaxation | Peppy | Waterproof | Rechargeable | Made with Body Safe Silicone | Portable and Convenient | 101 days Warrenty (Lavender),PURPLE_DRONE,PURPLE_DRONE,DELHIVERY,37379910897621,2026-05-28 14:22:46,UNIWARE,false,PDF,,0,false,481.000,1.000,1,1,1,DEFAULT,1,OFF,345690-0,NOT_APPLICABLE
6790420005172,0,false,MN_,SHOPIFY,CREATED,0,,,No,Gujarat,2026-05-29 13:50:57,,,,PREPAID,2026-05-27 13:50:57,,,,NA,2,#62604,SP26-2759277,0,SHOPIFY,9592,"MN_,Sucker","5471555,6284831","sucker,sucker",5471555~MN_~Moan Water-Based Lube - Default Title^6284831~Sucker~Sucker,sucker~scukr,,,,,,UNIWARE,false,PDF,,0,false,482.000,2.000,160,125,100,DEFAULT,1,OFF,"16768080019764-1,16768080019764-0",NOT_APPLICABLE
6790427705652,1,false,MN-003,SHOPIFY,CREATED,0,,,No,Maharashtra,2026-05-29 14:10:53,,,,PREPAID,2026-05-27 14:10:53,,,,NA,3,#62605,SP26-2759278,0,SHOPIFY,9592,"MN-003,MN_,Sucker","5606413,5471555,6284831","MN-003,sucker,sucker",5471555~MN_~Moan Water-Based Lube - Default Title^5606413~MN-003~Moan - Water-Based Lubricant | Chocolate | 100 ml^6284831~Sucker~Sucker,MN-003~Moan - Chocolate^sucker~scukr,,,,,,UNIWARE,false,PDF,,0,false,483.000,3.000,160,125,100,DEFAULT,1,OFF,"16768092897588,16768092864820-1,16768092864820-0",NOT_APPLICABLE
6790428033332,0,false,MN_,SHOPIFY,CREATED,0,,,No,Rajasthan,2026-05-29 14:10:53,,,,COD,2026-05-27 14:10:53,,,,NA,2,#62606,SP26-2759279,0,SHOPIFY,9592,"MN_,sucker_6","5471555,6410063","sucker_6_with_moan_100ml,sucker_6_with_moan_100ml",5471555~MN_~Moan Water-Based Lube - Default Title^6410063~sucker_6~Sucker 6',"sucker_6_with_moan_100ml~Scukr 6""",,,,,,UNIWARE,false,PDF,,0,false,482.000,2.000,160,125,100,DEFAULT,1,OFF,"16768093323572-1,16768093323572-0",NOT_APPLICABLE
6790435602740,0,false,MN_,SHOPIFY,CREATED,0,,,No,Punjab,2026-05-29 14:20:50,,,,PREPAID,2026-05-27 14:20:50,,,,NA,2,#62609,SP26-2759280,0,SHOPIFY,9592,"MN_,sucker_6","5471555,6410063","sucker_6_with_moan_100ml,sucker_6_with_moan_100ml",5471555~MN_~Moan Water-Based Lube - Default Title^6410063~sucker_6~Sucker 6',"sucker_6_with_moan_100ml~Scukr 6""",,,,,,UNIWARE,false,PDF,,0,false,482.000,2.000,160,125,100,DEFAULT,1,OFF,"16768105709876-1,16768105709876-0",NOT_APPLICABLE
6790434423092,2,false,MN-003,SHOPIFY,CREATED,0,,,No,Andhra Pradesh,2026-05-29 14:20:51,,,,COD,2026-05-27 14:20:51,,,,NA,4,#62608,SP26-2759281,0,SHOPIFY,9592,"MN-003,MN-003,MN_,sucker_6","5606413,5606413,5471555,6410063","MN-003,MN-003,sucker_6_with_moan_100ml,sucker_6_with_moan_100ml",5471555~MN_~Moan Water-Based Lube - Default Title^5606413~MN-003~Moan - Water-Based Lubricant | Chocolate | 100 ml^6410063~sucker_6~Sucker 6',"MN-003~Moan - Chocolate^sucker_6_with_moan_100ml~Scukr 6""",,,,,,UNIWARE,false,PDF,,0,false,484.000,4.000,160,125,100,DEFAULT,1,OFF,"16768103153972-0,16768103153972-1,16768103121204-1,16768103121204-0",NOT_APPLICABLE
6790433505588,0,false,Marley-02,SHOPIFY,DISPATCHED,0,,INV26-2748269,No,Maharashtra,2026-05-29 14:20:51,,,Velocity Shipping40598111665834,COD,2026-05-27 14:20:51,,QDB01543,PG01538,NA,1,#62607,SP26-2759282,0,SHOPIFY,9592,Marley-02,5735469,Marley-02,5735469~Marley-02~All In,Marley-02~All In - Without Pouch,Velocity Shipping,VELOCITY_SHIPPING,Delhivery Standard,40598111665834,2026-05-28 14:22:36,UNIWARE,false,PDF,,0,false,481.000,1.000,1,1,1,DEFAULT,1,OFF,16768101876020,NOT_APPLICABLE
6790441500980,1,false,MN-003,SHOPIFY,CREATED,0,,,No,Maharashtra,2026-05-29 14:30:52,,,,COD,2026-05-27 14:30:52,,,,NA,3,#62610,SP26-2759283,0,SHOPIFY,9592,"MN-003,MN_,sucker_6","5606413,5471555,6410063","MN-003,sucker_6_with_moan_100ml,sucker_6_with_moan_100ml",5471555~MN_~Moan Water-Based Lube - Default Title^5606413~MN-003~Moan - Water-Based Lubricant | Chocolate | 100 ml^6410063~sucker_6~Sucker 6',"MN-003~Moan - Chocolate^sucker_6_with_moan_100ml~Scukr 6""",,,,,,UNIWARE,false,PDF,,0,false,483.000,3.000,160,125,100,DEFAULT,1,OFF,"16768115900724,16768115867956-1,16768115867956-0",NOT_APPLICABLE
6790448906548,0,false,MN_,SHOPIFY,CREATED,0,,,No,Maharashtra,2026-05-29 14:41:06,,,,COD,2026-05-27 14:41:06,,,,NA,2,#62612,SP26-2759284,0,SHOPIFY,9592,"MN_,Sucker","5471555,6284831","sucker,sucker",5471555~MN_~Moan Water-Based Lube - Default Title^6284831~Sucker~Sucker,sucker~scukr,,,,,,UNIWARE,false,PDF,,0,false,482.000,2.000,160,125,100,DEFAULT,1,OFF,"16768127369524-1,16768127369524-0",NOT_APPLICABLE
6790455263540,0,false,Marley-02,SHOPIFY,DISPATCHED,0,,INV26-2748266,No,Uttar Pradesh,2026-05-29 14:50:57,,,PURPLE_DRONE37379910897831,COD,2026-05-27 14:50:57,,QDB01543,PG01538,NA,1,#62613,SP26-2759285,0,SHOPIFY,9592,Marley-02,5735469,Marley-02,5735469~Marley-02~All In,Marley-02~All In - Without Pouch,PURPLE_DRONE,PURPLE_DRONE,DELHIVERY,37379910897831,2026-05-28 14:22:44,UNIWARE,false,PDF,,0,false,481.000,1.000,1,1,1,DEFAULT,1,OFF,16768138215732,NOT_APPLICABLE
6790461292852,1,false,MH-005,SHOPIFY,DISPATCHED,0,,INV26-2748293,No,Chhattisgarh,2026-05-29 15:01:02,,,PURPLE_DRONE153179460004317,PREPAID,2026-05-27 15:01:02,,QDB01543,PG01538,NA,3,#62617,SP26-2759286,0,SHOPIFY,9592,"MH-005,MN_,PuC","5606408,5471555,5521454","MH-005,PUC_WITH_MOAN_100ml,PUC_WITH_MOAN_100ml",5471555~MN_~Moan Water-Based Lube - Default Title^5521454~PuC~PuC^5606408~MH-005~Moan - Solotime - Water-Based Lubricant - 100 ml,MH-005~Moan - Solo Time^PUC_WITH_MOAN_100ml~PuC,PURPLE_DRONE,PURPLE_DRONE,Xpressbees,153179460004317,2026-05-28 14:22:46,UNIWARE,false,PDF,,0,false,483.000,3.000,160,125,100,DEFAULT,1,OFF,"16768148242740,16768148209972-1,16768148209972-0",NOT_APPLICABLE
6790459425076,0,false,MN_,SHOPIFY,CREATED,0,,,No,Gujarat,2026-05-29 15:01:04,,,,PREPAID,2026-05-27 15:01:04,,,,NA,2,#62615,SP26-2759287,0,SHOPIFY,9592,"MN_,Sucker","5471555,6284831","sucker,sucker",5471555~MN_~Moan Water-Based Lube - Default Title^6284831~Sucker~Sucker,sucker~scukr,,,,,,UNIWARE,false,PDF,,0,false,482.000,2.000,160,125,100,DEFAULT,1,OFF,"16768144998708-1,16768144998708-0",NOT_APPLICABLE
6790458966324,1,false,MH-002,SHOPIFY,CREATED,0,,,No,Haryana,2026-05-29 15:01:05,,,,PREPAID,2026-05-27 15:01:05,,,,NA,3,#62614,SP26-2759288,0,SHOPIFY,9592,"MH-002,MN_,sucker_6","5606411,5471555,6410063","MH-002,sucker_6_with_moan_100ml,sucker_6_with_moan_100ml",5471555~MN_~Moan Water-Based Lube - Default Title^5606411~MH-002~Moan ChargeUP^6410063~sucker_6~Sucker 6',"MH-002~Moan - Charge-UP^sucker_6_with_moan_100ml~Scukr 6""",,,,,,UNIWARE,false,PDF,,0,false,483.000,3.000,160,125,100,DEFAULT,1,OFF,"16768144310580,16768144277812-1,16768144277812-0",NOT_APPLICABLE
6790459818292,1,false,MN-003,SHOPIFY,CREATED,0,,,No,West Bengal,2026-05-29 15:01:06,,,,PREPAID,2026-05-27 15:01:06,,,,NA,3,#62616,SP26-2759289,0,SHOPIFY,9592,"MN-003,MN_,Sucker","5606413,5471555,6284831","MN-003,sucker,sucker",5471555~MN_~Moan Water-Based Lube - Default Title^5606413~MN-003~Moan - Water-Based Lubricant | Chocolate | 100 ml^6284831~Sucker~Sucker,MN-003~Moan - Chocolate^sucker~scukr,,,,,,UNIWARE,false,PDF,,0,false,483.000,3.000,160,125,100,DEFAULT,1,OFF,"16768145588532,16768145555764-1,16768145555764-0",NOT_APPLICABLE
6790464897332,1,false,MH-005,SHOPIFY,CREATED,0,,,No,Uttar Pradesh,2026-05-29 15:10:58,,,,COD,2026-05-27 15:10:58,,,,NA,3,#62621,SP26-2759290,0,SHOPIFY,9592,"MH-005,MN_,Sucker","5606408,5471555,6284831","MH-005,sucker,sucker",5471555~MN_~Moan Water-Based Lube - Default Title^5606408~MH-005~Moan - Solotime - Water-Based Lubricant - 100 ml^6284831~Sucker~Sucker,MH-005~Moan - Solo Time^sucker~scukr,,,,,,UNIWARE,false,PDF,,0,false,483.000,3.000,160,125,100,DEFAULT,1,OFF,"16768154730804,16768154698036-1,16768154698036-0",NOT_APPLICABLE
6790462701876,1,false,MN-003,SHOPIFY,DISPATCHED,0,,INV26-2748300,No,Tripura,2026-05-29 15:11:00,,,PURPLE_DRONE37379910897842,COD,2026-05-27 15:11:00,,QDB01543,PG01538,NA,3,#62618,SP26-2759291,0,SHOPIFY,9592,"MN-003,MN_,PuC","5606413,5471555,5521454","MN-003,PUC_WITH_MOAN_100ml,PUC_WITH_MOAN_100ml",5471555~MN_~Moan Water-Based Lube - Default Title^5521454~PuC~PuC^5606413~MN-003~Moan - Water-Based Lubricant | Chocolate | 100 ml,MN-003~Moan - Chocolate^PUC_WITH_MOAN_100ml~PuC,PURPLE_DRONE,PURPLE_DRONE,DELHIVERY,37379910897842,2026-05-28 14:22:44,UNIWARE,false,PDF,,0,false,483.000,3.000,160,125,100,DEFAULT,1,OFF,"16768150470964,16768150438196-1,16768150438196-0",NOT_APPLICABLE
6790468272436,0,false,MN_,SHOPIFY,CREATED,0,,,No,Maharashtra,2026-05-29 15:11:01,,,,PREPAID,2026-05-27 15:11:01,,,,NA,2,#62623,SP26-2759292,0,SHOPIFY,9592,"MN_,sucker_6","5471555,6410063","sucker_6_with_moan_100ml,sucker_6_with_moan_100ml",5471555~MN_~Moan Water-Based Lube - Default Title^6410063~sucker_6~Sucker 6',"sucker_6_with_moan_100ml~Scukr 6""",,,,,,UNIWARE,false,PDF,,0,false,482.000,2.000,160,125,100,DEFAULT,1,OFF,"16768160137524-1,16768160137524-0",NOT_APPLICABLE
6790464078132,0,false,MN_,SHOPIFY,CREATED,0,,,No,Haryana,2026-05-29 15:11:02,,,,COD,2026-05-27 15:11:02,,,,NA,2,#62620,SP26-2759293,0,SHOPIFY,9592,"MN_,Sucker","5471555,6284831","sucker,sucker",5471555~MN_~Moan Water-Based Lube - Default Title^6284831~Sucker~Sucker,sucker~scukr,,,,,,UNIWARE,false,PDF,,0,false,482.000,2.000,160,125,100,DEFAULT,1,OFF,"16768152600884-1,16768152600884-0",NOT_APPLICABLE
6790468534580,0,false,MN_,SHOPIFY,CREATED,0,,,No,Karnataka,2026-05-29 15:11:03,,,,PREPAID,2026-05-27 15:11:03,,,,NA,2,#62624,SP26-2759294,0,SHOPIFY,9592,"MN_,Sucker","5471555,6284831","sucker,sucker",5471555~MN_~Moan Water-Based Lube - Default Title^6284831~Sucker~Sucker,sucker~scukr,,,,,,UNIWARE,false,PDF,,0,false,482.000,2.000,160,125,100,DEFAULT,1,OFF,"16768160661812-1,16768160661812-0",NOT_APPLICABLE
6790462767412,0,false,MN_,SHOPIFY,DISPATCHED,0,,INV26-2748277,No,Uttar Pradesh,2026-05-29 15:11:04,,,PURPLE_DRONE153179460004311,PREPAID,2026-05-27 15:11:04,,QDB01543,PG01538,NA,2,#62619,SP26-2759295,0,SHOPIFY,9592,"MN_,MR_","5471555,5471554","MR-MN,MR-MN",5471554~MR_~G.S.T^5471555~MN_~Moan Water-Based Lube - Default Title,MR-MN~G.S.T - Without Pouch,PURPLE_DRONE,PURPLE_DRONE,Xpressbees,153179460004311,2026-05-28 14:22:46,UNIWARE,false,PDF,,0,false,482.000,2.000,160,125,100,DEFAULT,1,OFF,"16768150536500-0,16768150536500-1",NOT_APPLICABLE
6790466109748,0,false,MN_,SHOPIFY,CREATED,0,,,No,Uttar Pradesh,2026-05-29 15:11:05,,,,PREPAID,2026-05-27 15:11:05,,,,NA,2,#62622,SP26-2759296,0,SHOPIFY,9592,"MN_,Sucker","5471555,6284831","sucker,sucker",5471555~MN_~Moan Water-Based Lube - Default Title^6284831~Sucker~Sucker,sucker~scukr,,,,,,UNIWARE,false,PDF,,0,false,482.000,2.000,160,125,100,DEFAULT,1,OFF,"16768156467508-1,16768156467508-0",NOT_APPLICABLE
6790474694964,1,false,MH-005,SHOPIFY,CREATED,0,,,No,Assam,2026-05-29 15:20:55,,,,PREPAID,2026-05-27 15:20:55,,,,NA,3,#62625,SP26-2759297,0,SHOPIFY,9592,"MH-005,MN_,Sucker","5606408,5471555,6284831","MH-005,sucker,sucker",5471555~MN_~Moan Water-Based Lube - Default Title^5606408~MH-005~Moan - Solotime - Water-Based Lubricant - 100 ml^6284831~Sucker~Sucker,MH-005~Moan - Solo Time^sucker~scukr,,,,,,UNIWARE,false,PDF,,0,false,483.000,3.000,160,125,100,DEFAULT,1,OFF,"16768173244724,16768173211956-1,16768173211956-0",NOT_APPLICABLE
6790482002228,1,false,MN-003,SHOPIFY,DISPATCHED,0,,INV26-2748274,No,Rajasthan,2026-05-29 15:41:13,,,PURPLE_DRONE37379910897746,COD,2026-05-27 15:41:13,,QDB01543,PG01538,NA,2,#62626,SP26-2759299,0,SHOPIFY,9592,"MN-003,Marley-02","5606413,5735469","MN-003,Marley-02",5606413~MN-003~Moan - Water-Based Lubricant | Chocolate | 100 ml^5735469~Marley-02~All In,Marley-02~All In - Without Pouch^MN-003~Moan - Chocolate,PURPLE_DRONE,PURPLE_DRONE,DELHIVERY,37379910897746,2026-05-28 14:22:44,UNIWARE,false,PDF,,0,false,482.000,2.000,160,125,100,DEFAULT,1,OFF,"16768184942900,16768184910132",NOT_APPLICABLE
6790492258612,1,false,MH-002,SHOPIFY,CREATED,0,,,No,Uttar Pradesh,2026-05-29 15:51:02,,,,PREPAID,2026-05-27 15:51:02,,,,NA,3,#62629,SP26-2759300,0,SHOPIFY,9592,"MH-002,MN_,Sucker","5606411,5471555,6284831","MH-002,sucker,sucker",5471555~MN_~Moan Water-Based Lube - Default Title^5606411~MH-002~Moan ChargeUP^6284831~Sucker~Sucker,MH-002~Moan - Charge-UP^sucker~scukr,,,,,,UNIWARE,false,PDF,,0,false,483.000,3.000,160,125,100,DEFAULT,1,OFF,"16768201326900,16768201294132-1,16768201294132-0",NOT_APPLICABLE
6790491210036,0,false,MN_,SHOPIFY,CREATED,0,,,No,West Bengal,2026-05-29 15:51:03,,,,COD,2026-05-27 15:51:03,,,,NA,2,#62628,SP26-2759301,0,SHOPIFY,9592,"MN_,Sucker","5471555,6284831","sucker,sucker",5471555~MN_~Moan Water-Based Lube - Default Title^6284831~Sucker~Sucker,sucker~scukr,,,,,,UNIWARE,false,PDF,,0,false,482.000,2.000,160,125,100,DEFAULT,1,OFF,"16768199491892-1,16768199491892-0",NOT_APPLICABLE
6790489112884,1,false,MH-005,SHOPIFY,CREATED,0,,,No,Maharashtra,2026-05-29 15:51:03,,,,COD,2026-05-27 15:51:03,,,,NA,3,#62627,SP26-2759302,0,SHOPIFY,9592,"MH-005,MN_,Sucker","5606408,5471555,6284831","MH-005,sucker,sucker",5471555~MN_~Moan Water-Based Lube - Default Title^5606408~MH-005~Moan - Solotime - Water-Based Lubricant - 100 ml^6284831~Sucker~Sucker,MH-005~Moan - Solo Time^sucker~scukr,,,,,,UNIWARE,false,PDF,,0,false,483.000,3.000,160,125,100,DEFAULT,1,OFF,"16768195821876,16768195789108-1,16768195789108-0",NOT_APPLICABLE
6790499565876,0,false,Anywear,SHOPIFY,DISPATCHED,0,,INV26-2748319,No,Madhya Pradesh,2026-05-29 16:01:03,,,PURPLE_DRONE153179460004321,PREPAID,2026-05-27 16:01:03,,QDB01543,PG01538,NA,4,#62631,SP26-2759303,0,SHOPIFY,9592,"Anywear,MCS1,MN_,MR_","6281575,5471566,5471555,5471554","Anywear,MR+MN+MC,MR+MN+MC,MR+MN+MC",5471554~MR_~G.S.T^5471555~MN_~Moan Water-Based Lube - Default Title^5471566~MCS1~Massage Candle - 70ML / YLANG YLANG^6281575~Anywear~Anywear,Anywear~Anywear - Without Lubricant^MR+MN+MC~Ultimate Gift For Her,PURPLE_DRONE,PURPLE_DRONE,Xpressbees,153179460004321,2026-05-28 14:22:46,UNIWARE,false,PDF,,0,false,484.000,4.000,160,125,100,DEFAULT,1,OFF,"16768213811508,16768213778740-2,16768213778740-0,16768213778740-1",NOT_APPLICABLE
6790499172660,0,false,MN_,SHOPIFY,CREATED,0,,,No,West Bengal,2026-05-29 16:01:04,,,,COD,2026-05-27 16:01:04,,,,NA,2,#62630,SP26-2759304,0,SHOPIFY,9592,"MN_,sucker_6","5471555,6410063","sucker_6_with_moan_100ml,sucker_6_with_moan_100ml",5471555~MN_~Moan Water-Based Lube - Default Title^6410063~sucker_6~Sucker 6',"sucker_6_with_moan_100ml~Scukr 6""",,,,,,UNIWARE,false,PDF,,0,false,482.000,2.000,160,125,100,DEFAULT,1,OFF,"16768212926772-1,16768212926772-0",NOT_APPLICABLE
6790499828020,0,false,MN_,SHOPIFY,CREATED,0,,,No,Uttar Pradesh,2026-05-29 16:01:05,,,,PREPAID,2026-05-27 16:01:05,,,,NA,2,#62632,SP26-2759305,0,SHOPIFY,9592,"MN_,Sucker","5471555,6284831","sucker,sucker",5471555~MN_~Moan Water-Based Lube - Default Title^6284831~Sucker~Sucker,sucker~scukr,,,,,,UNIWARE,false,PDF,,0,false,482.000,2.000,160,125,100,DEFAULT,1,OFF,"16768214401332-1,16768214401332-0",NOT_APPLICABLE
6790503629108,1,false,MN-003,SHOPIFY,CREATED,0,,,No,Gujarat,2026-05-29 16:10:50,,,,COD,2026-05-27 16:10:50,,,,NA,3,#62633,SP26-2759306,0,SHOPIFY,9592,"MN-003,MN_,Sucker","5606413,5471555,6284831","MN-003,sucker,sucker",5471555~MN_~Moan Water-Based Lube - Default Title^5606413~MN-003~Moan - Water-Based Lubricant | Chocolate | 100 ml^6284831~Sucker~Sucker,MN-003~Moan - Chocolate^sucker~scukr,,,,,,UNIWARE,false,PDF,,0,false,483.000,3.000,160,125,100,DEFAULT,1,OFF,"16768221511988,16768221479220-1,16768221479220-0",NOT_APPLICABLE
6790514377012,0,false,MN_,SHOPIFY,DISPATCHED,0,,INV26-2748309,No,Gujarat,2026-05-29 16:20:56,,,PURPLE_DRONE153179460004319,PREPAID,2026-05-27 16:20:56,,QDB01543,PG01538,NA,2,#62634,SP26-2759307,0,SHOPIFY,9592,"MN_,PuC","5471555,5521454","PUC_WITH_MOAN_100ml,PUC_WITH_MOAN_100ml",5471555~MN_~Moan Water-Based Lube - Default Title^5521454~PuC~PuC,PUC_WITH_MOAN_100ml~PuC,PURPLE_DRONE,PURPLE_DRONE,Xpressbees,153179460004319,2026-05-28 14:22:45,UNIWARE,false,PDF,,0,false,482.000,2.000,160,125,100,DEFAULT,1,OFF,"16768240714036-1,16768240714036-0",NOT_APPLICABLE
6790514737460,0,false,MN_,SHOPIFY,CREATED,0,,,No,Uttar Pradesh,2026-05-29 16:20:57,,,,PREPAID,2026-05-27 16:20:57,,,,NA,2,#62635,SP26-2759308,0,SHOPIFY,9592,"MN_,Sucker","5471555,6284831","sucker,sucker",5471555~MN_~Moan Water-Based Lube - Default Title^6284831~Sucker~Sucker,sucker~scukr,,,,,,UNIWARE,false,PDF,,0,false,482.000,2.000,160,125,100,DEFAULT,1,OFF,"16768241566004-1,16768241566004-0",NOT_APPLICABLE
6790517948724,0,false,Marley-02,SHOPIFY,DISPATCHED,0,,INV26-2748271,No,Chhattisgarh,2026-05-29 16:31:40,,,PURPLE_DRONE37379910897691,COD,2026-05-27 16:31:40,,QDB01543,PG01538,NA,1,#62636,SP26-2759309,0,SHOPIFY,9592,Marley-02,5735469,Marley-02,5735469~Marley-02~All In,Marley-02~All In - Without Pouch,PURPLE_DRONE,PURPLE_DRONE,DELHIVERY,37379910897691,2026-05-28 14:22:44,UNIWARE,false,PDF,,0,false,481.000,1.000,1,1,1,DEFAULT,1,OFF,16768247136564,NOT_APPLICABLE
6790524043572,1,false,MH-005,SHOPIFY,CREATED,0,,,No,Haryana,2026-05-29 16:42:23,,,,PREPAID,2026-05-27 16:42:23,,,,NA,3,#62637,SP26-2759310,0,SHOPIFY,9592,"MH-005,MN_,Sucker","5606408,5471555,6284831","MH-005,sucker,sucker",5471555~MN_~Moan Water-Based Lube - Default Title^5606408~MH-005~Moan - Solotime - Water-Based Lubricant - 100 ml^6284831~Sucker~Sucker,MH-005~Moan - Solo Time^sucker~scukr,,,,,,UNIWARE,false,PDF,,0,false,483.000,3.000,160,125,100,DEFAULT,1,OFF,"16768257196340,16768257163572-1,16768257163572-0",NOT_APPLICABLE
6790531842356,0,false,MN_,SHOPIFY,DISPATCHED,0,,INV26-2748273,No,Madhya Pradesh,2026-05-29 16:52:32,,,Velocity Shipping40598111665845,PREPAID,2026-05-27 16:52:32,,QDB01543,PG01538,NA,2,#62638,SP26-2759311,0,SHOPIFY,9592,"MN_,MR_","5471555,5471554","MR-MN,MR-MN",5471554~MR_~G.S.T^5471555~MN_~Moan Water-Based Lube - Default Title,MR-MN~G.S.T - Without Pouch,Velocity Shipping,VELOCITY_SHIPPING,Delhivery Standard,40598111665845,2026-05-28 14:22:36,UNIWARE,false,PDF,,0,false,482.000,2.000,160,125,100,DEFAULT,1,OFF,"16768270139700-0,16768270139700-1",NOT_APPLICABLE
6790534955316,0,false,MN_,SHOPIFY,DISPATCHED,0,,INV26-2748284,No,Karnataka,2026-05-29 16:52:32,,,PURPLE_DRONE153179460004326,PREPAID,2026-05-27 16:52:32,,QDB01543,PG01538,NA,2,#62639,SP26-2759312,0,SHOPIFY,9592,"MN_,PuC","5471555,5521454","PUC_WITH_MOAN_100ml,PUC_WITH_MOAN_100ml",5471555~MN_~Moan Water-Based Lube - Default Title^5521454~PuC~PuC,PUC_WITH_MOAN_100ml~PuC,PURPLE_DRONE,PURPLE_DRONE,Xpressbees,153179460004326,2026-05-28 14:22:46,UNIWARE,false,PDF,,0,false,482.000,2.000,160,125,100,DEFAULT,1,OFF,"16768275677492-1,16768275677492-0",NOT_APPLICABLE
6790551863604,1,false,MH-004,SHOPIFY,DISPATCHED,0,,INV26-2748294,No,Maharashtra,2026-05-29 17:11:54,,,PURPLE_DRONE153179460004320,PREPAID,2026-05-27 17:11:54,,QDB01543,PG01538,NA,3,#62640,SP26-2759313,0,SHOPIFY,9592,"MH-004,MN_,PuC","5606412,5471555,5521454","MH-004,PUC_WITH_MOAN_100ml,PUC_WITH_MOAN_100ml",5471555~MN_~Moan Water-Based Lube - Default Title^5521454~PuC~PuC^5606412~MH-004~Moan Water-Based Lubricant - Watermelon - 100 ml,MH-004~Moan - Watermelon^PUC_WITH_MOAN_100ml~PuC,PURPLE_DRONE,PURPLE_DRONE,Xpressbees,153179460004320,2026-05-28 14:22:45,UNIWARE,false,PDF,,0,false,483.000,3.000,160,125,100,DEFAULT,1,OFF,"16768306348340,16768306315572-1,16768306315572-0",NOT_APPLICABLE
6790561595700,1,false,MH-002,SHOPIFY,CREATED,0,,,No,Gujarat,2026-05-29 17:22:54,,,,PREPAID,2026-05-27 17:22:54,,,,NA,3,#62643,SP26-2759314,0,SHOPIFY,9592,"MH-002,MN_,Sucker","5606411,5471555,6284831","MH-002,sucker,sucker",5471555~MN_~Moan Water-Based Lube - Default Title^5606411~MH-002~Moan ChargeUP^6284831~Sucker~Sucker,MH-002~Moan - Charge-UP^sucker~scukr,,,,,,UNIWARE,false,PDF,,0,false,483.000,3.000,160,125,100,DEFAULT,1,OFF,"16768322535732,16768322502964-1,16768322502964-0",NOT_APPLICABLE
6790555369780,1,false,MH-005,SHOPIFY,CREATED,0,,,No,Kerala,2026-05-29 17:22:54,,,,PREPAID,2026-05-27 17:22:54,,,,NA,3,#62641,SP26-2759315,0,SHOPIFY,9592,"MH-005,MN_,sucker_6","5606408,5471555,6410063","MH-005,sucker_6_with_moan_100ml,sucker_6_with_moan_100ml",5471555~MN_~Moan Water-Based Lube - Default Title^5606408~MH-005~Moan - Solotime - Water-Based Lubricant - 100 ml^6410063~sucker_6~Sucker 6',"MH-005~Moan - Solo Time^sucker_6_with_moan_100ml~Scukr 6""",,,,,,UNIWARE,false,PDF,,0,false,483.000,3.000,160,125,100,DEFAULT,1,OFF,"16768312181044,16768312148276-1,16768312148276-0",NOT_APPLICABLE
6790559793460,0,false,MN_,SHOPIFY,CREATED,0,,,No,Odisha,2026-05-29 17:22:54,,,,PREPAID,2026-05-27 17:22:54,,,,NA,2,#62642,SP26-2759316,0,SHOPIFY,9592,"MN_,sucker_6","5471555,6410063","sucker_6_with_moan_100ml,sucker_6_with_moan_100ml",5471555~MN_~Moan Water-Based Lube - Default Title^6410063~sucker_6~Sucker 6',"sucker_6_with_moan_100ml~Scukr 6""",,,,,,UNIWARE,false,PDF,,0,false,482.000,2.000,160,125,100,DEFAULT,1,OFF,"16768319095092-1,16768319095092-0",NOT_APPLICABLE
6790565658932,0,false,Marley-02,SHOPIFY,DISPATCHED,0,,INV26-2748299,No,West Bengal,2026-05-29 17:31:42,,,PURPLE_DRONE37379910897735,COD,2026-05-27 17:31:42,,QDB01543,PG01538,NA,1,#62644,SP26-2759317,0,SHOPIFY,9592,Marley-02,5735469,Marley-02,5735469~Marley-02~All In,Marley-02~All In - Without Pouch,PURPLE_DRONE,PURPLE_DRONE,DELHIVERY,37379910897735,2026-05-28 14:22:44,UNIWARE,false,PDF,,0,false,481.000,1.000,1,1,1,DEFAULT,1,OFF,16768329548084,NOT_APPLICABLE
6790572081460,1,false,MH-005,SHOPIFY,CREATED,0,,,No,Delhi,2026-05-29 17:42:08,,,,PREPAID,2026-05-27 17:42:08,,,,NA,3,#62645,SP26-2759318,0,SHOPIFY,9592,"MH-005,MN_,Sucker","5606408,5471555,6284831","MH-005,sucker,sucker",5471555~MN_~Moan Water-Based Lube - Default Title^5606408~MH-005~Moan - Solotime - Water-Based Lubricant - 100 ml^6284831~Sucker~Sucker,MH-005~Moan - Solo Time^sucker~scukr,,,,,,UNIWARE,false,PDF,,0,false,483.000,3.000,160,125,100,DEFAULT,1,OFF,"16768338886964,16768338919732-1,16768338919732-0",NOT_APPLICABLE
6790592594228,1,false,MH-002,SHOPIFY,CREATED,0,,,No,Delhi,2026-05-29 18:02:17,,,,COD,2026-05-27 18:02:17,,,,NA,3,#62646,SP26-2759319,0,SHOPIFY,9592,"MH-002,MN_,sucker_6","5606411,5471555,6410063","MH-002,sucker_6_with_moan_100ml,sucker_6_with_moan_100ml",5471555~MN_~Moan Water-Based Lube - Default Title^5606411~MH-002~Moan ChargeUP^6410063~sucker_6~Sucker 6',"MH-002~Moan - Charge-UP^sucker_6_with_moan_100ml~Scukr 6""",,,,,,UNIWARE,false,PDF,,0,false,483.000,3.000,160,125,100,DEFAULT,1,OFF,"16768372080948,16768372048180-1,16768372048180-0",NOT_APPLICABLE
6790598197556,0,false,Marley-02,SHOPIFY,DISPATCHED,0,,INV26-2748268,No,Maharashtra,2026-05-29 18:12:21,,,PURPLE_DRONE37379910989052,PREPAID,2026-05-27 18:12:21,,QDB01543,PG01538,NA,1,#62647,SP26-2759320,0,SHOPIFY,9592,Marley-02,5735469,Marley-02,5735469~Marley-02~All In,Marley-02~All In - Without Pouch,PURPLE_DRONE,PURPLE_DRONE,DELHIVERY,37379910989052,2026-05-28 14:22:44,UNIWARE,false,PDF,,0,false,481.000,1.000,1,1,1,DEFAULT,1,OFF,16768381845812,NOT_APPLICABLE
6790598951220,0,false,MN_,SHOPIFY,DISPATCHED,0,,INV26-2748289,No,Jharkhand,2026-05-29 18:12:21,,,PURPLE_DRONE153179460004324,PREPAID,2026-05-27 18:12:21,,QDB01543,PG01538,NA,2,#62648,SP26-2759321,0,SHOPIFY,9592,"MN_,MR_","5471555,5471554","MR-MN,MR-MN",5471554~MR_~G.S.T^5471555~MN_~Moan Water-Based Lube - Default Title,MR-MN~G.S.T - Without Pouch,PURPLE_DRONE,PURPLE_DRONE,Xpressbees,153179460004324,2026-05-28 14:22:46,UNIWARE,false,PDF,,0,false,482.000,2.000,160,125,100,DEFAULT,1,OFF,"16768383975732-0,16768383975732-1",NOT_APPLICABLE
6790600327476,0,false,MN_,SHOPIFY,CREATED,0,,,No,Kerala,2026-05-29 18:12:21,,,,PREPAID,2026-05-27 18:12:21,,,,NA,2,#62649,SP26-2759322,0,SHOPIFY,9592,"MN_,Sucker","5471555,6284831","sucker,sucker",5471555~MN_~Moan Water-Based Lube - Default Title^6284831~Sucker~Sucker,sucker~scukr,,,,,,UNIWARE,false,PDF,,0,false,482.000,2.000,160,125,100,DEFAULT,1,OFF,"16768386662708-1,16768386662708-0",NOT_APPLICABLE
6790605177140,0,false,MN_,SHOPIFY,DISPATCHED,0,,INV26-2748288,No,Bihar,2026-05-29 18:22:25,,,PURPLE_DRONE37379910996306,PREPAID,2026-05-27 18:22:25,,QDB01543,PG01538,NA,2,#62650,SP26-2759323,0,SHOPIFY,9592,"MN_,PuC","5471555,5521454","PUC_WITH_MOAN_100ml,PUC_WITH_MOAN_100ml",5471555~MN_~Moan Water-Based Lube - Default Title^5521454~PuC~PuC,PUC_WITH_MOAN_100ml~PuC,PURPLE_DRONE,PURPLE_DRONE,DELHIVERY,37379910996306,2026-05-28 14:22:44,UNIWARE,false,PDF,,0,false,482.000,2.000,160,125,100,DEFAULT,1,OFF,"16768395608372-1,16768395608372-0",NOT_APPLICABLE
6790619824436,1,false,MH-005,SHOPIFY,CREATED,0,,,No,Maharashtra,2026-05-29 18:32:01,,,,PREPAID,2026-05-27 18:32:01,,,,NA,3,#62651,SP26-2759324,0,SHOPIFY,9592,"MH-005,MN_,sucker_6","5606408,5471555,6410063","MH-005,sucker_6_with_moan_100ml,sucker_6_with_moan_100ml",5471555~MN_~Moan Water-Based Lube - Default Title^5606408~MH-005~Moan - Solotime - Water-Based Lubricant - 100 ml^6410063~sucker_6~Sucker 6',"MH-005~Moan - Solo Time^sucker_6_with_moan_100ml~Scukr 6""",,,,,,UNIWARE,false,PDF,,0,false,483.000,3.000,160,125,100,DEFAULT,1,OFF,"16768420839732,16768420872500-1,16768420872500-0",NOT_APPLICABLE
6790625591604,1,false,MH-005,SHOPIFY,CREATED,0,,,No,Rajasthan,2026-05-29 18:42:23,,,,PREPAID,2026-05-27 18:42:23,,,,NA,5,#62652,SP26-2759325,0,SHOPIFY,9592,"MH-005,MN_,MN_,PuC,sucker_6","5606408,5471555,5471555,5521454,6410063","MH-005,sucker_6_with_moan_100ml,PUC_WITH_MOAN_100ml,PUC_WITH_MOAN_100ml,sucker_6_with_moan_100ml",5471555~MN_~Moan Water-Based Lube - Default Title^5521454~PuC~PuC^5606408~MH-005~Moan - Solotime - Water-Based Lubricant - 100 ml^6410063~sucker_6~Sucker 6',"MH-005~Moan - Solo Time^PUC_WITH_MOAN_100ml~PuC^sucker_6_with_moan_100ml~Scukr 6""",,,,,,UNIWARE,false,PDF,,0,false,485.000,5.000,160,125,100,DEFAULT,1,OFF,"16768429588788,16768429556020-1,16768429621556-1,16768429621556-0,16768429556020-0",NOT_APPLICABLE
6790625919284,0,false,G-Digger-Purple,SHOPIFY,DISPATCHED,0,,INV26-2748320,No,Chhattisgarh,2026-05-29 18:42:23,,,PURPLE_DRONE153179460004315,PREPAID,2026-05-27 18:42:23,,QDB01543,PG01538,NA,4,#62653,SP26-2759326,0,SHOPIFY,9592,"G-Digger-Purple,MN-003,MR_,Pouch_small","6399269,5606413,5471554,6293672","G-digger-Purple_with_moan,MR_MN_Pouch,MR_MN_Pouch,MR_MN_Pouch",5471554~MR_~G.S.T^5606413~MN-003~Moan - Water-Based Lubricant | Chocolate | 100 ml^6293672~Pouch_small~Peppy Storage Pouch - Small size^6399269~G-Digger-Purple~G-Digger - massager for women - Purple,G-digger-Purple_with_moan~G-Digger - Purple^MR_MN_Pouch~G.S.T - With Pouch,PURPLE_DRONE,PURPLE_DRONE,Xpressbees,153179460004315,2026-05-28 14:22:46,UNIWARE,false,PDF,,0,false,484.000,4.000,160,125,100,DEFAULT,1,OFF,"16768430080308,16768430047540-0,16768430047540-2,16768430047540-1",NOT_APPLICABLE
6788157997364,1,false,MN-003,SHOPIFY,CREATED,0,,,No,Maharashtra,2026-05-29 19:01:32,,,,PREPAID,2026-05-27 19:01:32,,,,NA,3,#62517,SP26-2759327,0,SHOPIFY,9592,"MN-003,MN_,Sucker","5606413,5471555,6284831","MN-003,sucker,sucker",5471555~MN_~Moan Water-Based Lube - Default Title^5606413~MN-003~Moan - Water-Based Lubricant | Chocolate | 100 ml^6284831~Sucker~Sucker,MN-003~Moan - Chocolate^sucker~scukr,,,,,,UNIWARE,false,PDF,,0,false,483.000,3.000,160,125,100,DEFAULT,1,OFF,"16760802181428,16760802214196-1,16760802214196-0",NOT_APPLICABLE
6790655410484,1,false,MH-002,SHOPIFY,CREATED,0,,,No,Kerala,2026-05-29 19:11:51,,,,PREPAID,2026-05-27 19:11:51,,,,NA,3,#62655,SP26-2759328,0,SHOPIFY,9592,"MH-002,MN_,sucker_6","5606411,5471555,6410063","MH-002,sucker_6_with_moan_100ml,sucker_6_with_moan_100ml",5471555~MN_~Moan Water-Based Lube - Default Title^5606411~MH-002~Moan ChargeUP^6410063~sucker_6~Sucker 6',"MH-002~Moan - Charge-UP^sucker_6_with_moan_100ml~Scukr 6""",,,,,,UNIWARE,false,PDF,,0,false,483.000,3.000,160,125,100,DEFAULT,1,OFF,"16768483950900,16768483918132-1,16768483918132-0",NOT_APPLICABLE
6790653346100,1,false,MN-003,SHOPIFY,DISPATCHED,0,,INV26-2748303,No,Delhi,2026-05-29 19:11:51,,,PURPLE_DRONE153179460004323,PREPAID,2026-05-27 19:11:51,,QDB01543,PG01538,NA,3,#62654,SP26-2759329,0,SHOPIFY,9592,"MN-003,MN_,PuC","5606413,5471555,5521454","MN-003,PUC_WITH_MOAN_100ml,PUC_WITH_MOAN_100ml",5471555~MN_~Moan Water-Based Lube - Default Title^5521454~PuC~PuC^5606413~MN-003~Moan - Water-Based Lubricant | Chocolate | 100 ml,MN-003~Moan - Chocolate^PUC_WITH_MOAN_100ml~PuC,PURPLE_DRONE,PURPLE_DRONE,Xpressbees,153179460004323,2026-05-28 14:22:45,UNIWARE,false,PDF,,0,false,483.000,3.000,160,125,100,DEFAULT,1,OFF,"16768478970164,16768478937396-1,16768478937396-0",NOT_APPLICABLE
6790663078196,1,false,MH-005,SHOPIFY,CREATED,0,,,No,Goa,2026-05-29 19:22:27,,,,PREPAID,2026-05-27 19:22:27,,,,NA,3,#62656,SP26-2759330,0,SHOPIFY,9592,"MH-005,MN_,Sucker","5606408,5471555,6284831","MH-005,sucker,sucker",5471555~MN_~Moan Water-Based Lube - Default Title^5606408~MH-005~Moan - Solotime - Water-Based Lubricant - 100 ml^6284831~Sucker~Sucker,MH-005~Moan - Solo Time^sucker~scukr,,,,,,UNIWARE,false,PDF,,0,false,483.000,3.000,160,125,100,DEFAULT,1,OFF,"16768497877300,16768497910068-1,16768497910068-0",NOT_APPLICABLE
6790674350388,1,false,MH-004,SHOPIFY,CREATED,0,,,No,Tamil Nadu,2026-05-29 19:31:46,,,,PREPAID,2026-05-27 19:31:46,,,,NA,3,#62657,SP26-2759331,0,SHOPIFY,9592,"MH-004,MN_,Sucker","5606412,5471555,6284831","MH-004,sucker,sucker",5471555~MN_~Moan Water-Based Lube - Default Title^5606412~MH-004~Moan Water-Based Lubricant - Watermelon - 100 ml^6284831~Sucker~Sucker,MH-004~Moan - Watermelon^sucker~scukr,,,,,,UNIWARE,false,PDF,,0,false,483.000,3.000,160,125,100,DEFAULT,1,OFF,"16768520782132,16768520814900-1,16768520814900-0",NOT_APPLICABLE
6790710821172,1,false,MN-003,SHOPIFY,CREATED,0,,,No,Maharashtra,2026-05-29 20:12:10,,,,PREPAID,2026-05-27 20:12:10,,,,NA,3,#62659,SP26-2759332,0,SHOPIFY,9592,"MN-003,MN_,sucker_6","5606413,5471555,6410063","MN-003,sucker_6_with_moan_100ml,sucker_6_with_moan_100ml",5471555~MN_~Moan Water-Based Lube - Default Title^5606413~MN-003~Moan - Water-Based Lubricant | Chocolate | 100 ml^6410063~sucker_6~Sucker 6',"MN-003~Moan - Chocolate^sucker_6_with_moan_100ml~Scukr 6""",,,,,,UNIWARE,false,PDF,,0,false,483.000,3.000,160,125,100,DEFAULT,1,OFF,"16768589267252,16768589234484-1,16768589234484-0",NOT_APPLICABLE
6790770852148,0,false,MN_,SHOPIFY,CREATED,0,,,No,Karnataka,2026-05-29 21:02:02,,,,PREPAID,2026-05-27 21:02:02,,,,NA,2,#62660,SP26-2759333,0,SHOPIFY,9592,"MN_,sucker_6","5471555,6410063","sucker_6_with_moan_100ml,sucker_6_with_moan_100ml",5471555~MN_~Moan Water-Based Lube - Default Title^6410063~sucker_6~Sucker 6',"sucker_6_with_moan_100ml~Scukr 6""",,,,,,UNIWARE,false,PDF,,0,false,482.000,2.000,160,125,100,DEFAULT,1,OFF,"16768708837684-1,16768708837684-0",NOT_APPLICABLE
6790788153652,1,false,G-Digger-Black,SHOPIFY,DISPATCHED,0,,INV26-2748286,No,Gujarat,2026-05-29 21:11:32,,,PURPLE_DRONE37379910897805,COD,2026-05-27 21:11:32,,QDB01543,PG01538,NA,2,#62662,SP26-2759334,0,SHOPIFY,9592,"G-Digger-Black,MH-004","5724827,5606412","G-digger-Black_with_moan,MH-004",5606412~MH-004~Moan Water-Based Lubricant - Watermelon - 100 ml^5724827~G-Digger-Black~G-DIGGER Internal & External Massager For Women (Black),G-digger-Black_with_moan~G-Digger - Black^MH-004~Moan - Watermelon,PURPLE_DRONE,PURPLE_DRONE,DELHIVERY,37379910897805,2026-05-28 14:22:44,UNIWARE,false,PDF,,0,false,482.000,2.000,160,125,100,DEFAULT,1,OFF,"16768740327732,16768740360500",NOT_APPLICABLE
6790784221492,0,false,MN_,SHOPIFY,CREATED,0,,,No,Gujarat,2026-05-29 21:11:32,,,,COD,2026-05-27 21:11:32,,,,NA,2,#62661,SP26-2759335,0,SHOPIFY,9592,"MN_,sucker_6","5471555,6410063","sucker_6_with_moan_100ml,sucker_6_with_moan_100ml",5471555~MN_~Moan Water-Based Lube - Default Title^6410063~sucker_6~Sucker 6',"sucker_6_with_moan_100ml~Scukr 6""",,,,,,UNIWARE,false,PDF,,0,false,482.000,2.000,160,125,100,DEFAULT,1,OFF,"16768732365108-1,16768732365108-0",NOT_APPLICABLE
6790795166004,0,false,MN_,SHOPIFY,CREATED,0,,,No,Kerala,2026-05-29 21:21:39,,,,COD,2026-05-27 21:21:39,,,,NA,2,#62663,SP26-2759336,0,SHOPIFY,9592,"MN_,Sucker","5471555,6284831","sucker,sucker",5471555~MN_~Moan Water-Based Lube - Default Title^6284831~Sucker~Sucker,sucker~scukr,,,,,,UNIWARE,false,PDF,,0,false,482.000,2.000,160,125,100,DEFAULT,1,OFF,"16768752091444-1,16768752091444-0",NOT_APPLICABLE
6790801490228,1,false,MH-002,SHOPIFY,CREATED,0,,,No,Haryana,2026-05-29 21:31:36,,,,PREPAID,2026-05-27 21:31:36,,,,NA,3,#62664,SP26-2759337,0,SHOPIFY,9592,"MH-002,MN_,Sucker","5606411,5471555,6284831","MH-002,sucker,sucker",5471555~MN_~Moan Water-Based Lube - Default Title^5606411~MH-002~Moan ChargeUP^6284831~Sucker~Sucker,MH-002~Moan - Charge-UP^sucker~scukr,,,,,,UNIWARE,false,PDF,,0,false,483.000,3.000,160,125,100,DEFAULT,1,OFF,"16768768147764,16768768114996-1,16768768114996-0",NOT_APPLICABLE
6790807552308,0,false,MN_,SHOPIFY,CREATED,0,,,No,Maharashtra,2026-05-29 21:31:36,,,,PREPAID,2026-05-27 21:31:36,,,,NA,2,#62666,SP26-2759338,0,SHOPIFY,9592,"MN_,sucker_6","5471555,6410063","sucker_6_with_moan_100ml,sucker_6_with_moan_100ml",5471555~MN_~Moan Water-Based Lube - Default Title^6410063~sucker_6~Sucker 6',"sucker_6_with_moan_100ml~Scukr 6""",,,,,,UNIWARE,false,PDF,,0,false,482.000,2.000,160,125,100,DEFAULT,1,OFF,"16768779419956-1,16768779419956-0",NOT_APPLICABLE
6790804144436,0,false,MN_,SHOPIFY,DISPATCHED,0,,INV26-2748304,No,Kerala,2026-05-29 21:31:36,,,PURPLE_DRONE153179460004827,PREPAID,2026-05-27 21:31:36,,QDB01543,PG01538,NA,2,#62665,SP26-2759339,0,SHOPIFY,9592,"MN_,MR_","5471555,5471554","MR-MN,MR-MN",5471554~MR_~G.S.T^5471555~MN_~Moan Water-Based Lube - Default Title,MR-MN~G.S.T - Without Pouch,PURPLE_DRONE,PURPLE_DRONE,Xpressbees,153179460004827,2026-05-28 14:22:45,UNIWARE,false,PDF,,0,false,482.000,2.000,160,125,100,DEFAULT,1,OFF,"16768773095732-0,16768773095732-1",NOT_APPLICABLE
6790846611764,0,false,Marley-02,SHOPIFY,DISPATCHED,0,,INV26-2748298,No,Maharashtra,2026-05-29 22:01:37,,,PURPLE_DRONE153179480561838,COD,2026-05-27 22:01:37,,QDB01543,PG01538,NA,1,#62667,SP26-2759340,0,SHOPIFY,9592,Marley-02,5735469,Marley-02,5735469~Marley-02~All In,Marley-02~All In - Without Pouch,PURPLE_DRONE,PURPLE_DRONE,Xpressbees,153179480561838,2026-05-28 14:22:46,UNIWARE,false,PDF,,0,false,481.000,1.000,1,1,1,DEFAULT,1,OFF,16768859537716,NOT_APPLICABLE
6790874202420,0,false,Marley-02,SHOPIFY,DISPATCHED,0,,INV26-2748310,No,Jammu & Kashmir,2026-05-29 22:21:39,,,PURPLE_DRONE37379910897783,COD,2026-05-27 22:21:39,,QDB01543,PG01538,NA,1,#62668,SP26-2759341,0,SHOPIFY,9592,Marley-02,5735469,Marley-02,5735469~Marley-02~All In,Marley-02~All In - Without Pouch,PURPLE_DRONE,PURPLE_DRONE,DELHIVERY,37379910897783,2026-05-28 14:22:44,UNIWARE,false,PDF,,0,false,481.000,1.000,1,1,1,DEFAULT,1,OFF,16768918749492,NOT_APPLICABLE
6790878593332,1,false,G-Digger-Black,SHOPIFY,DISPATCHED,0,,INV26-2748290,No,Rajasthan,2026-05-29 22:21:39,,,PURPLE_DRONE37379910897794,COD,2026-05-27 22:21:39,,QDB01543,PG01538,NA,2,#62669,SP26-2759342,0,SHOPIFY,9592,"G-Digger-Black,MH-004","5724827,5606412","G-digger-Black_with_moan,MH-004",5606412~MH-004~Moan Water-Based Lubricant - Watermelon - 100 ml^5724827~G-Digger-Black~G-DIGGER Internal & External Massager For Women (Black),G-digger-Black_with_moan~G-Digger - Black^MH-004~Moan - Watermelon,PURPLE_DRONE,PURPLE_DRONE,DELHIVERY,37379910897794,2026-05-28 14:22:44,UNIWARE,false,PDF,,0,false,482.000,2.000,160,125,100,DEFAULT,1,OFF,"16768927662388,16768927695156",NOT_APPLICABLE
6790886228276,0,false,MN-003,SHOPIFY,DISPATCHED,0,,INV26-2748315,No,Kerala,2026-05-29 22:31:35,,,PURPLE_DRONE37379910989122,PREPAID,2026-05-27 22:31:35,,QDB01546,PG01538,NA,3,#62672,SP26-2759343,0,SHOPIFY,9592,"MN-003,MR_,Pouch_small","5606413,5471554,6293672","MR_MN_Pouch,MR_MN_Pouch,MR_MN_Pouch",5471554~MR_~G.S.T^5606413~MN-003~Moan - Water-Based Lubricant | Chocolate | 100 ml^6293672~Pouch_small~Peppy Storage Pouch - Small size,MR_MN_Pouch~G.S.T - With Pouch,PURPLE_DRONE,PURPLE_DRONE,DELHIVERY,37379910989122,2026-05-28 15:44:58,UNIWARE,false,PDF,,0,false,483.000,3.000,160,125,100,DEFAULT,1,OFF,"16768942604596-0,16768942604596-2,16768942604596-1",NOT_APPLICABLE
6790882263348,0,false,MN_,SHOPIFY,CREATED,0,,,No,Maharashtra,2026-05-29 22:31:35,,,,PREPAID,2026-05-27 22:31:35,,,,NA,2,#62671,SP26-2759344,0,SHOPIFY,9592,"MN_,Sucker","5471555,6284831","sucker,sucker",5471555~MN_~Moan Water-Based Lube - Default Title^6284831~Sucker~Sucker,sucker~scukr,,,,,,UNIWARE,false,PDF,,0,false,482.000,2.000,160,125,100,DEFAULT,1,OFF,"16768934347060-1,16768934347060-0",NOT_APPLICABLE
6790882165044,0,false,MN_,SHOPIFY,CREATED,0,,,No,Chhattisgarh,2026-05-29 22:31:35,,,,PREPAID,2026-05-27 22:31:35,,,,NA,2,#62670,SP26-2759345,0,SHOPIFY,9592,"MN_,Sucker","5471555,6284831","sucker,sucker",5471555~MN_~Moan Water-Based Lube - Default Title^6284831~Sucker~Sucker,sucker~scukr,,,,,,UNIWARE,false,PDF,,0,false,482.000,2.000,160,125,100,DEFAULT,1,OFF,"16768934248756-1,16768934248756-0",NOT_APPLICABLE
6790889275700,0,false,MN_,SHOPIFY,CREATED,0,,,No,Tamil Nadu,2026-05-29 22:31:35,,,,PREPAID,2026-05-27 22:31:35,,,,NA,2,#62673,SP26-2759346,0,SHOPIFY,9592,"MN_,sucker_6","5471555,6410063","sucker_6_with_moan_100ml,sucker_6_with_moan_100ml",5471555~MN_~Moan Water-Based Lube - Default Title^6410063~sucker_6~Sucker 6',"sucker_6_with_moan_100ml~Scukr 6""",,,,,,UNIWARE,false,PDF,,0,false,482.000,2.000,160,125,100,DEFAULT,1,OFF,"16768948470068-1,16768948470068-0",NOT_APPLICABLE
6790892552500,0,false,MN_,SHOPIFY,CREATED,0,,,No,Karnataka,2026-05-29 22:31:35,,,,PREPAID,2026-05-27 22:31:35,,,,NA,2,#62675,SP26-2759347,0,SHOPIFY,9592,"MN_,Sucker","5471555,6284831","sucker,sucker",5471555~MN_~Moan Water-Based Lube - Default Title^6284831~Sucker~Sucker,sucker~scukr,,,,,,UNIWARE,false,PDF,,0,false,482.000,2.000,160,125,100,DEFAULT,1,OFF,"16768954237236-1,16768954237236-0",NOT_APPLICABLE
6790889701684,0,false,MN_,SHOPIFY,CREATED,0,,,No,Tamil Nadu,2026-05-29 22:31:35,,,,PREPAID,2026-05-27 22:31:35,,,,NA,2,#62674,SP26-2759348,0,SHOPIFY,9592,"MN_,sucker_6","5471555,6410063","sucker_6_with_moan_100ml,sucker_6_with_moan_100ml",5471555~MN_~Moan Water-Based Lube - Default Title^6410063~sucker_6~Sucker 6',"sucker_6_with_moan_100ml~Scukr 6""",,,,,,UNIWARE,false,PDF,,0,false,482.000,2.000,160,125,100,DEFAULT,1,OFF,"16768949027124-1,16768949027124-0",NOT_APPLICABLE
6790906085684,0,false,MN_,SHOPIFY,CREATED,0,,,No,Karnataka,2026-05-29 22:41:25,,,,PREPAID,2026-05-27 22:41:25,,,,NA,2,#62678,SP26-2759349,0,SHOPIFY,9592,"MN_,Sucker","5471555,6284831","sucker,sucker",5471555~MN_~Moan Water-Based Lube - Default Title^6284831~Sucker~Sucker,sucker~scukr,,,,,,UNIWARE,false,PDF,,0,false,482.000,2.000,160,125,100,DEFAULT,1,OFF,"16768982876468-1,16768982876468-0",NOT_APPLICABLE
6790903529780,0,false,Marley-02,SHOPIFY,DISPATCHED,0,,INV26-2748292,No,Assam,2026-05-29 22:41:25,,,PURPLE_DRONE37379910897772,COD,2026-05-27 22:41:25,,QDB01543,PG01538,NA,1,#62677,SP26-2759350,0,SHOPIFY,9592,Marley-02,5735469,Marley-02,5735469~Marley-02~All In,Marley-02~All In - Without Pouch,PURPLE_DRONE,PURPLE_DRONE,DELHIVERY,37379910897772,2026-05-28 14:22:44,UNIWARE,false,PDF,,0,false,481.000,1.000,1,1,1,DEFAULT,1,OFF,16768978780468,NOT_APPLICABLE
6790898483508,1,false,G-Digger-Black,SHOPIFY,DISPATCHED,0,,INV26-2748312,No,Odisha,2026-05-29 22:41:25,,,Velocity Shipping40598111665856,PREPAID,2026-05-27 22:41:25,,QDB01543,PG01538,NA,2,#62676,SP26-2759351,0,SHOPIFY,9592,"G-Digger-Black,MH-002","5724827,5606411","G-digger-Black_with_moan,MH-002",5606411~MH-002~Moan ChargeUP^5724827~G-Digger-Black~G-DIGGER Internal & External Massager For Women (Black),G-digger-Black_with_moan~G-Digger - Black^MH-002~Moan - Charge-UP,Velocity Shipping,VELOCITY_SHIPPING,Delhivery Standard,40598111665856,2026-05-28 14:22:36,UNIWARE,false,PDF,,0,false,482.000,2.000,160,125,100,DEFAULT,1,OFF,"16768966295860,16768966328628",NOT_APPLICABLE
6790917554484,0,false,MN_,SHOPIFY,CREATED,0,,,No,Punjab,2026-05-29 22:51:34,,,,COD,2026-05-27 22:51:34,,,,NA,2,#62681,SP26-2759352,0,SHOPIFY,9592,"MN_,Sucker","5471555,6284831","sucker,sucker",5471555~MN_~Moan Water-Based Lube - Default Title^6284831~Sucker~Sucker,sucker~scukr,,,,,,UNIWARE,false,PDF,,0,false,482.000,2.000,160,125,100,DEFAULT,1,OFF,"16769005355316-1,16769005355316-0",NOT_APPLICABLE
6790913818932,0,false,BL_,SHOPIFY,DISPATCHED,0,,INV26-2748307,No,Maharashtra,2026-05-29 22:51:34,,,PURPLE_DRONE37379910897750,COD,2026-05-27 22:51:34,,QDB01543,PG01538,NA,1,#62680,SP26-2759353,0,SHOPIFY,9592,BL_,5471560,BL_,5471560~BL_~BLO Men Massager - Default Title,BL_~BLO Men Massager - Only Blo,PURPLE_DRONE,PURPLE_DRONE,DELHIVERY,37379910897750,2026-05-28 14:22:44,UNIWARE,false,PDF,,0,false,481.000,1.000,160,125,100,DEFAULT,1,OFF,16768996114740,NOT_APPLICABLE
6790907953460,0,false,BL_,SHOPIFY,DISPATCHED,0,,INV26-2748305,No,Assam,2026-05-29 22:51:34,,,PURPLE_DRONE153179460004307,PREPAID,2026-05-27 22:51:34,,QDB01543,PG01538,NA,3,#62679,SP26-2759354,0,SHOPIFY,9592,"BL_,MN_,MR_","5471560,5471555,5471554","BL_,MR-MN,MR-MN",5471554~MR_~G.S.T^5471555~MN_~Moan Water-Based Lube - Default Title^5471560~BL_~BLO Men Massager - Default Title,BL_~BLO Men Massager - Only Blo^MR-MN~G.S.T - Without Pouch,PURPLE_DRONE,PURPLE_DRONE,Xpressbees,153179460004307,2026-05-28 14:22:46,UNIWARE,false,PDF,,0,false,483.000,3.000,160,125,100,DEFAULT,1,OFF,"16768986022196,16768986054964-0,16768986054964-1",NOT_APPLICABLE
6790948225332,1,false,MH-005,SHOPIFY,CREATED,0,,,No,Maharashtra,2026-05-29 23:21:23,,,,PREPAID,2026-05-27 23:21:23,,,,NA,3,#62683,SP26-2759355,0,SHOPIFY,9592,"MH-005,MN_,Sucker","5606408,5471555,6284831","MH-005,sucker,sucker",5471555~MN_~Moan Water-Based Lube - Default Title^5606408~MH-005~Moan - Solotime - Water-Based Lubricant - 100 ml^6284831~Sucker~Sucker,MH-005~Moan - Solo Time^sucker~scukr,,,,,,UNIWARE,false,PDF,,0,false,483.000,3.000,160,125,100,DEFAULT,1,OFF,"16769074430260,16769074397492-1,16769074397492-0",NOT_APPLICABLE
6790950322484,0,false,MN_,SHOPIFY,DISPATCHED,0,,INV26-2748296,No,Gujarat,2026-05-29 23:21:23,,,PURPLE_DRONE37379910897761,COD,2026-05-27 23:21:23,,QDB01543,PG01538,NA,2,#62684,SP26-2759356,0,SHOPIFY,9592,"MN_,PuC","5471555,5521454","PUC_WITH_MOAN_100ml,PUC_WITH_MOAN_100ml",5471555~MN_~Moan Water-Based Lube - Default Title^5521454~PuC~PuC,PUC_WITH_MOAN_100ml~PuC,PURPLE_DRONE,PURPLE_DRONE,DELHIVERY,37379910897761,2026-05-28 14:22:44,UNIWARE,false,PDF,,0,false,482.000,2.000,160,125,100,DEFAULT,1,OFF,"16769079345460-1,16769079345460-0",NOT_APPLICABLE
6790957793588,0,false,MN_,SHOPIFY,CREATED,0,,,No,Maharashtra,2026-05-29 23:31:38,,,,COD,2026-05-27 23:31:38,,,,NA,2,#62685,SP26-2759357,0,SHOPIFY,9592,"MN_,sucker_6","5471555,6410063","sucker_6_with_moan_100ml,sucker_6_with_moan_100ml",5471555~MN_~Moan Water-Based Lube - Default Title^6410063~sucker_6~Sucker 6',"sucker_6_with_moan_100ml~Scukr 6""",,,,,,UNIWARE,false,PDF,,0,false,482.000,2.000,160,125,100,DEFAULT,1,OFF,"16769104314676-1,16769104314676-0",NOT_APPLICABLE
6790980272436,0,false,MN_,SHOPIFY,CREATED,0,,,No,West Bengal,2026-05-29 23:41:31,,,,PREPAID,2026-05-27 23:41:31,,,,NA,2,#62687,SP26-2759358,0,SHOPIFY,9592,"MN_,sucker_6","5471555,6410063","sucker_6_with_moan_100ml,sucker_6_with_moan_100ml",5471555~MN_~Moan Water-Based Lube - Default Title^6410063~sucker_6~Sucker 6',"sucker_6_with_moan_100ml~Scukr 6""",,,,,,UNIWARE,false,PDF,,0,false,482.000,2.000,160,125,100,DEFAULT,1,OFF,"16769155039540-1,16769155039540-0",NOT_APPLICABLE
6788481646900,0,false,MN_,SHOPIFY,DISPATCHED,0,,INV26-2748283,No,Maharashtra,2026-05-29 23:51:43,,,PURPLE_DRONE153179460004316,PREPAID,2026-05-27 23:51:43,,QDB01543,PG01538,NA,2,#62557,SP26-2759359,0,SHOPIFY,9592,"MN_,MR_","5471555,5471554","MR-MN,MR-MN",5471554~MR_~G.S.T^5471555~MN_~Moan Water-Based Lube - Default Title,MR-MN~G.S.T - Without Pouch,PURPLE_DRONE,PURPLE_DRONE,Xpressbees,153179460004316,2026-05-28 14:22:46,UNIWARE,false,PDF,,0,false,482.000,2.000,160,125,100,DEFAULT,1,OFF,"16761514361140-0,16761514361140-1",NOT_APPLICABLE
6788469719348,0,false,MN_,SHOPIFY,DISPATCHED,0,,INV26-2748267,No,Rajasthan,2026-05-29 23:51:43,,,PURPLE_DRONE37379910994932,PREPAID,2026-05-27 23:51:43,,QDB01543,PG01538,NA,3,#62556,SP26-2759360,0,SHOPIFY,9592,"MN_,MR_,ringmaster","5471555,5471554,6516305","MR-MN,MR-MN,ringmaster",5471554~MR_~G.S.T^5471555~MN_~Moan Water-Based Lube - Default Title^6516305~ringmaster~RingMaster,MR-MN~G.S.T - Without Pouch^ringmaster~Ringmaster,PURPLE_DRONE,PURPLE_DRONE,DELHIVERY,37379910994932,2026-05-28 14:22:44,UNIWARE,false,PDF,,0,false,483.000,3.000,160,125,100,DEFAULT,1,OFF,"16761481855284-0,16761481855284-1,16761481888052",NOT_APPLICABLE
6790989709620,0,false,MN_,SHOPIFY,CREATED,0,,,No,Maharashtra,2026-05-29 23:51:43,,,,PREPAID,2026-05-27 23:51:43,,,,NA,2,#62688,SP26-2759361,0,SHOPIFY,9592,"MN_,sucker_6","5471555,6410063","sucker_6_with_moan_100ml,sucker_6_with_moan_100ml",5471555~MN_~Moan Water-Based Lube - Default Title^6410063~sucker_6~Sucker 6',"sucker_6_with_moan_100ml~Scukr 6""",,,,,,UNIWARE,false,PDF,,0,false,482.000,2.000,160,125,100,DEFAULT,1,OFF,"16769175945524-1,16769175945524-0",NOT_APPLICABLE
